/*
SQLyog Professional v12.4.1 (64 bit)
MySQL - 5.7.20-0ubuntu0.16.04.1 : Database - eapi
*********************************************************************
*/

/*!40101 SET NAMES utf8 */;

/*!40101 SET SQL_MODE=''*/;

/*!40014 SET @OLD_UNIQUE_CHECKS=@@UNIQUE_CHECKS, UNIQUE_CHECKS=0 */;
/*!40014 SET @OLD_FOREIGN_KEY_CHECKS=@@FOREIGN_KEY_CHECKS, FOREIGN_KEY_CHECKS=0 */;
/*!40101 SET @OLD_SQL_MODE=@@SQL_MODE, SQL_MODE='NO_AUTO_VALUE_ON_ZERO' */;
/*!40111 SET @OLD_SQL_NOTES=@@SQL_NOTES, SQL_NOTES=0 */;
CREATE DATABASE /*!32312 IF NOT EXISTS*/`eapi` /*!40100 DEFAULT CHARACTER SET utf8 */;

USE `eapi`;

/*Table structure for table `migrations` */

DROP TABLE IF EXISTS `migrations`;

CREATE TABLE `migrations` (
  `id` int(10) unsigned NOT NULL AUTO_INCREMENT,
  `migration` varchar(255) COLLATE utf8mb4_unicode_ci NOT NULL,
  `batch` int(11) NOT NULL,
  PRIMARY KEY (`id`)
) ENGINE=InnoDB AUTO_INCREMENT=5 DEFAULT CHARSET=utf8mb4 COLLATE=utf8mb4_unicode_ci;

/*Data for the table `migrations` */

insert  into `migrations`(`id`,`migration`,`batch`) values 
(1,'2014_10_12_000000_create_users_table',1),
(2,'2014_10_12_100000_create_password_resets_table',1),
(3,'2018_01_25_104250_create_products_table',1),
(4,'2018_01_25_104304_create_reviews_table',1);

/*Table structure for table `password_resets` */

DROP TABLE IF EXISTS `password_resets`;

CREATE TABLE `password_resets` (
  `email` varchar(255) COLLATE utf8mb4_unicode_ci NOT NULL,
  `token` varchar(255) COLLATE utf8mb4_unicode_ci NOT NULL,
  `created_at` timestamp NULL DEFAULT NULL,
  KEY `password_resets_email_index` (`email`)
) ENGINE=InnoDB DEFAULT CHARSET=utf8mb4 COLLATE=utf8mb4_unicode_ci;

/*Data for the table `password_resets` */

/*Table structure for table `products` */

DROP TABLE IF EXISTS `products`;

CREATE TABLE `products` (
  `id` int(10) unsigned NOT NULL AUTO_INCREMENT,
  `name` varchar(255) COLLATE utf8mb4_unicode_ci NOT NULL,
  `detail` text COLLATE utf8mb4_unicode_ci NOT NULL,
  `price` int(11) NOT NULL,
  `stock` int(11) NOT NULL,
  `discount` int(11) NOT NULL,
  `created_at` timestamp NULL DEFAULT NULL,
  `updated_at` timestamp NULL DEFAULT NULL,
  PRIMARY KEY (`id`)
) ENGINE=InnoDB AUTO_INCREMENT=201 DEFAULT CHARSET=utf8mb4 COLLATE=utf8mb4_unicode_ci;

/*Data for the table `products` */

insert  into `products`(`id`,`name`,`detail`,`price`,`stock`,`discount`,`created_at`,`updated_at`) values 
(151,'vel','Ea ut ipsa ab autem accusantium sint. Quidem accusantium animi aliquam nihil iste. Omnis enim totam incidunt sit dicta dolore.',239,3,19,'2018-01-25 12:06:23','2018-01-25 12:06:23'),
(152,'sint','Architecto harum qui eligendi. Eos quisquam aut accusantium ratione. Praesentium architecto officia laborum ut et iste laudantium. Dolor et aut eveniet atque.',694,4,3,'2018-01-25 12:06:23','2018-01-25 12:06:23'),
(153,'dolor','Dolor repudiandae voluptatum neque id voluptas voluptatem expedita non. Expedita vero quo et sapiente. Ab dolorem esse praesentium ipsa qui et dolores. Excepturi autem porro quia repudiandae ab explicabo ut.',466,0,19,'2018-01-25 12:06:23','2018-01-25 12:06:23'),
(154,'et','Pariatur et distinctio vel nihil itaque quod fugiat. Id sunt unde esse vel velit. Dolores aut molestiae et impedit blanditiis. Id temporibus dicta architecto.',402,1,24,'2018-01-25 12:06:23','2018-01-25 12:06:23'),
(155,'inventore','Facere consequatur deserunt cumque. Quod omnis quae perferendis eaque.',491,6,3,'2018-01-25 12:06:23','2018-01-25 12:06:23'),
(156,'optio','Non laudantium facere sapiente id. Veniam numquam autem eaque odit.',508,9,14,'2018-01-25 12:06:23','2018-01-25 12:06:23'),
(157,'earum','Recusandae odit incidunt in facilis. Sit reiciendis eaque animi harum veniam. Consequuntur omnis sunt saepe distinctio. Mollitia voluptas facere repudiandae velit odit.',885,3,30,'2018-01-25 12:06:23','2018-01-25 12:06:23'),
(158,'repellat','Ad cupiditate enim vero voluptatem praesentium tenetur. Nesciunt sed doloremque quo accusamus animi aut. Vel numquam nihil rem quia et quo quas nihil.',524,3,9,'2018-01-25 12:06:23','2018-01-25 12:06:23'),
(159,'dolorem','Inventore et molestias quibusdam amet. Quo velit iure quae commodi nulla. Voluptas error aut in repudiandae adipisci debitis. Culpa suscipit esse rerum architecto et perspiciatis eum. Corrupti et magnam rerum quod magni.',544,3,6,'2018-01-25 12:06:23','2018-01-25 12:06:23'),
(160,'dolorem','Non et dicta et non aut eaque. Assumenda minus sunt quos omnis delectus qui voluptas.',524,0,10,'2018-01-25 12:06:23','2018-01-25 12:06:23'),
(161,'dignissimos','Nulla sed maxime aut occaecati. Id consequatur praesentium id aspernatur asperiores. Et dolores in voluptates odio error.',816,2,13,'2018-01-25 12:06:23','2018-01-25 12:06:23'),
(162,'eos','Id sit a et voluptatem quis dolores labore. Tempore modi aperiam omnis voluptatem quo eaque et dolores. Aperiam nulla quis et. Voluptatem ut quas magni doloribus.',245,4,25,'2018-01-25 12:06:23','2018-01-25 12:06:23'),
(163,'voluptas','Tenetur commodi veritatis non et sapiente. Culpa commodi architecto non voluptas ea ut. Distinctio corrupti eum voluptas odit autem. Deleniti nihil at qui.',508,4,8,'2018-01-25 12:06:23','2018-01-25 12:06:23'),
(164,'officiis','Consequuntur nulla id voluptatem corrupti porro est. A et et voluptatem asperiores quisquam et. Eos et saepe quam quibusdam earum.',267,1,20,'2018-01-25 12:06:24','2018-01-25 12:06:24'),
(165,'voluptatem','Incidunt iure tempora eos. Totam accusamus et eius. Cum dolor tenetur aperiam quia atque nostrum velit. Maiores esse minus iure rerum quia.',363,2,23,'2018-01-25 12:06:24','2018-01-25 12:06:24'),
(166,'accusantium','Et quam voluptatem autem dolor qui quam voluptatum. Dolore quis et aut sunt. Sint quia aspernatur impedit.',616,2,22,'2018-01-25 12:06:24','2018-01-25 12:06:24'),
(167,'ullam','Et beatae odio non quasi culpa saepe. Iste eos voluptatum sit fugiat aut rerum consectetur. Voluptates enim excepturi iste et est dignissimos. Tempore a repellendus ad voluptas quisquam eius laborum.',884,1,17,'2018-01-25 12:06:24','2018-01-25 12:06:24'),
(168,'fuga','Dolores enim fugit quas non temporibus ab ut. Vel nihil deserunt dolorem distinctio id corporis.',305,4,8,'2018-01-25 12:06:24','2018-01-25 12:06:24'),
(169,'omnis','Odit odit qui nisi est sed veritatis. Odio reiciendis saepe delectus facilis voluptatem alias. Commodi qui quos animi non rerum. Minus cupiditate voluptatibus aut qui.',310,9,24,'2018-01-25 12:06:24','2018-01-25 12:06:24'),
(170,'veniam','Unde voluptatem voluptas excepturi. In id porro non sapiente voluptatibus error. Quis rerum sit amet ut. Sed dolorem in ducimus sed qui et natus. Est optio dolor non suscipit perspiciatis libero iste.',511,7,10,'2018-01-25 12:06:24','2018-01-25 12:06:24'),
(171,'vitae','Aperiam eos dolor et laborum pariatur. Voluptatem error cumque voluptas ut laborum aperiam.',496,2,21,'2018-01-25 12:06:24','2018-01-25 12:06:24'),
(172,'vitae','Quia dignissimos et incidunt laboriosam incidunt. Voluptas sit id voluptatem incidunt. Excepturi consequatur illum totam nobis assumenda deleniti. Aliquam inventore ut ullam dolores consectetur tenetur magni.',643,1,19,'2018-01-25 12:06:24','2018-01-25 12:06:24'),
(173,'corporis','Non molestiae consequatur excepturi eum vitae nobis eius. Laboriosam non voluptas et repellendus ducimus dicta modi. Nisi quae voluptate est molestiae ratione suscipit aut. Et veritatis quaerat et est.',749,6,11,'2018-01-25 12:06:24','2018-01-25 12:06:24'),
(174,'sit','Facilis praesentium similique odio dolore repellat velit et. Quas tenetur qui accusantium quia a maxime est. Iste quia natus et. Consequuntur ratione maiores reprehenderit autem dolor debitis aut.',331,9,30,'2018-01-25 12:06:24','2018-01-25 12:06:24'),
(175,'aut','Temporibus ducimus quasi a. At suscipit cumque iste voluptas in. Illum veniam maiores exercitationem in. Rerum quia perferendis recusandae placeat voluptas.',180,9,14,'2018-01-25 12:06:24','2018-01-25 12:06:24'),
(176,'ratione','Facere et alias sed commodi et consequuntur iusto. Earum alias temporibus hic optio. Debitis ipsam aut ducimus.',790,4,21,'2018-01-25 12:06:24','2018-01-25 12:06:24'),
(177,'nihil','Qui beatae debitis aliquid deserunt cupiditate illum quidem distinctio. Quam ipsa totam inventore minima rerum. Dolorem architecto sapiente deserunt sunt aliquam repellendus error. Nihil porro voluptatem in ut enim.',369,4,11,'2018-01-25 12:06:24','2018-01-25 12:06:24'),
(178,'qui','Nisi omnis rem rerum nemo consectetur quos ut est. Provident quasi voluptatem illo nesciunt eum nam dolor.',930,8,27,'2018-01-25 12:06:24','2018-01-25 12:06:24'),
(179,'similique','Explicabo similique officia aut voluptates quibusdam doloremque. Quo cupiditate fugit dicta veritatis totam eaque. Odit repellat dolorum architecto sed.',498,9,10,'2018-01-25 12:06:24','2018-01-25 12:06:24'),
(180,'sequi','A ratione quam similique sed labore et culpa quas. Rerum totam rem nulla ut. Numquam nisi consectetur illo ducimus excepturi atque vel occaecati. Sapiente ut molestiae odio in iure ipsa.',542,9,25,'2018-01-25 12:06:24','2018-01-25 12:06:24'),
(181,'minima','Ut molestias est sed itaque ut consectetur eos. Velit aut id rem blanditiis molestiae fugiat ipsam. Ea vel sapiente a inventore eaque inventore.',786,1,28,'2018-01-25 12:06:24','2018-01-25 12:06:24'),
(182,'et','Repellendus vitae ullam labore soluta mollitia quia. Laboriosam aut non rerum omnis corporis omnis ipsa. Ratione quibusdam veniam similique quibusdam labore placeat exercitationem temporibus.',259,0,4,'2018-01-25 12:06:24','2018-01-25 12:06:24'),
(183,'culpa','Voluptatem porro omnis repellat rerum. Sit exercitationem quod soluta ab explicabo eos vero cum. Dolores ipsa numquam sunt sapiente. Rerum assumenda distinctio ut est.',390,2,28,'2018-01-25 12:06:24','2018-01-25 12:06:24'),
(184,'sint','Temporibus nostrum autem voluptatem tenetur. Quaerat doloremque porro sint quidem ad corporis nihil beatae. Incidunt ullam dignissimos eveniet ex qui dolore nisi similique. Tempore modi excepturi itaque doloribus totam.',866,8,25,'2018-01-25 12:06:24','2018-01-25 12:06:24'),
(185,'sequi','Similique fugit non labore molestiae tempore eligendi maxime nostrum. Dolores cum modi nihil.',314,8,27,'2018-01-25 12:06:24','2018-01-25 12:06:24'),
(186,'fugit','Et et quod esse est et iste magni. Ad temporibus sapiente autem tenetur illo. Consequuntur neque consequatur quo et.',741,8,19,'2018-01-25 12:06:24','2018-01-25 12:06:24'),
(187,'facilis','Voluptatem consequatur nihil quidem ad suscipit odio reprehenderit repellendus. Incidunt ut aut illo voluptatem velit commodi ducimus. Eum et animi beatae officiis provident dignissimos.',190,3,11,'2018-01-25 12:06:25','2018-01-25 12:06:25'),
(188,'fugiat','Hic ut quis iure. Vel libero non modi velit nostrum. Nulla sapiente quae repudiandae nihil ipsum. Officiis recusandae a impedit non et culpa autem ad.',174,3,19,'2018-01-25 12:06:25','2018-01-25 12:06:25'),
(189,'nihil','Ducimus officia dolores voluptatibus qui facere temporibus. Quia alias quia soluta atque qui officia non molestiae. Iure iste est pariatur est. Est aut non minus et aut qui.',992,2,9,'2018-01-25 12:06:25','2018-01-25 12:06:25'),
(190,'ab','Tempora maiores ab quibusdam earum officiis dicta error aut. Perspiciatis quos in quis perferendis officiis rerum. Nostrum enim et quia exercitationem vero dicta tempora at.',524,3,15,'2018-01-25 12:06:25','2018-01-25 12:06:25'),
(191,'sint','Voluptatem ut fuga aliquid incidunt sit quisquam iusto. Aut assumenda eos eos eum odit nihil sunt quisquam. Optio vel voluptatem quidem eum et adipisci dolorem. Aliquid ad sint aliquam blanditiis eveniet est. Quod ex dolorem quia ea alias.',993,5,30,'2018-01-25 12:06:25','2018-01-25 12:06:25'),
(192,'inventore','Recusandae est quas nemo. Voluptas repudiandae nobis harum corporis est et excepturi quo. Molestias enim molestias non tempore voluptas.',958,5,20,'2018-01-25 12:06:25','2018-01-25 12:06:25'),
(193,'neque','Nulla recusandae occaecati cupiditate est vel voluptas. Non tenetur fugiat inventore illo laboriosam nemo nihil. Eos autem libero sint est. Vero asperiores voluptates distinctio odit maiores.',579,3,23,'2018-01-25 12:06:25','2018-01-25 12:06:25'),
(194,'ut','Ad temporibus eos porro minus aut vero et. Minima magnam nisi totam aliquam. Exercitationem rem accusamus illum dolorem blanditiis.',907,4,22,'2018-01-25 12:06:25','2018-01-25 12:06:25'),
(195,'nulla','Voluptas temporibus fuga soluta voluptate repellendus tempore ad molestiae. Maxime nulla quasi doloremque ipsa. Laboriosam possimus et quidem ut quasi iusto veritatis. Beatae quibusdam ad maiores sequi id.',330,9,16,'2018-01-25 12:06:25','2018-01-25 12:06:25'),
(196,'ipsam','Debitis id totam nemo nihil. Sed et assumenda eum qui repellendus qui. Ad tenetur ipsa fugit ut quasi occaecati ipsum repudiandae. Consequuntur voluptatibus aliquid minus accusantium atque itaque voluptas.',652,5,20,'2018-01-25 12:06:25','2018-01-25 12:06:25'),
(197,'suscipit','Quia necessitatibus similique possimus veniam. Perspiciatis praesentium ea fuga dignissimos odit laborum. Quis ut et dolores eos sit.',397,0,12,'2018-01-25 12:06:25','2018-01-25 12:06:25'),
(198,'adipisci','Maiores unde soluta commodi quae odio molestiae. Voluptate beatae in ea aut eligendi. Voluptatem ut id qui assumenda impedit omnis.',896,5,27,'2018-01-25 12:06:25','2018-01-25 12:06:25'),
(199,'aut','Culpa voluptatem molestiae distinctio unde similique. Voluptatem optio aperiam perferendis voluptatem vel ipsam quis. Blanditiis voluptatem repellat est facere dolor.',166,0,7,'2018-01-25 12:06:25','2018-01-25 12:06:25'),
(200,'voluptas','Aspernatur quaerat nulla rerum consectetur esse sed ut asperiores. Id eveniet voluptatibus vero. Voluptas aliquam facere iure molestiae quis. Quaerat aspernatur aliquid atque quidem aliquam quaerat iste.',173,3,16,'2018-01-25 12:06:25','2018-01-25 12:06:25');

/*Table structure for table `reviews` */

DROP TABLE IF EXISTS `reviews`;

CREATE TABLE `reviews` (
  `id` int(10) unsigned NOT NULL AUTO_INCREMENT,
  `product_id` int(10) unsigned NOT NULL,
  `customer` varchar(255) COLLATE utf8mb4_unicode_ci NOT NULL,
  `review` text COLLATE utf8mb4_unicode_ci NOT NULL,
  `star` int(11) NOT NULL,
  `created_at` timestamp NULL DEFAULT NULL,
  `updated_at` timestamp NULL DEFAULT NULL,
  PRIMARY KEY (`id`),
  KEY `reviews_product_id_index` (`product_id`),
  CONSTRAINT `reviews_product_id_foreign` FOREIGN KEY (`product_id`) REFERENCES `products` (`id`) ON DELETE CASCADE
) ENGINE=InnoDB AUTO_INCREMENT=601 DEFAULT CHARSET=utf8mb4 COLLATE=utf8mb4_unicode_ci;

/*Data for the table `reviews` */

insert  into `reviews`(`id`,`product_id`,`customer`,`review`,`star`,`created_at`,`updated_at`) values 
(301,164,'Delpha Weimann','Autem et accusamus dolores. Voluptatum quia illum praesentium eos. Quod dolores consectetur inventore aut ea voluptates excepturi.',2,'2018-01-25 12:06:26','2018-01-25 12:06:26'),
(302,175,'Mr. Roger Kohler Jr.','Dicta deleniti et ut est consequatur et. Qui aut fuga illo consectetur error. Quia consequatur ut quisquam saepe accusantium sed.',2,'2018-01-25 12:06:26','2018-01-25 12:06:26'),
(303,190,'Dr. Holly Schamberger IV','Dolorem animi voluptas a quis ut nihil. Maiores modi earum non aliquid ea enim error. Iusto molestiae omnis qui est quia possimus aut. Sunt id placeat error accusamus.',1,'2018-01-25 12:06:26','2018-01-25 12:06:26'),
(304,158,'Dr. Caitlyn Stamm I','Ut illo maiores est nesciunt consectetur laborum. Ut et nesciunt quod. Eos odio voluptatem et rerum. Quis eius facere quod quo.',4,'2018-01-25 12:06:26','2018-01-25 12:06:26'),
(305,173,'Breanna Jakubowski','Ullam alias quia provident dolores. Minima voluptatem optio consequatur enim cumque. Corporis illum quibusdam qui vero. Ut quia qui amet nihil dolore ut voluptas.',5,'2018-01-25 12:06:26','2018-01-25 12:06:26'),
(306,174,'Prof. Frida Heathcote III','Id veniam non commodi est laboriosam. Quo sapiente aliquam est in quis. Corrupti blanditiis et sed nesciunt voluptas.',4,'2018-01-25 12:06:26','2018-01-25 12:06:26'),
(307,163,'Dr. Anastasia Fahey','Quo ullam officia labore nobis. Expedita dolore quis dolorum nam ipsam cum iste autem. Eveniet neque quas harum molestiae consequatur corporis. Illum velit culpa aspernatur amet.',5,'2018-01-25 12:06:26','2018-01-25 12:06:26'),
(308,157,'Declan Hamill','Ex dolores nesciunt deleniti expedita doloribus. Neque neque qui nobis vel dolore enim et. Dolor tempora quas qui inventore. Dolorum fugit voluptatem eligendi inventore accusantium reprehenderit doloribus laboriosam.',5,'2018-01-25 12:06:26','2018-01-25 12:06:26'),
(309,155,'Dr. Arno Farrell','Est numquam suscipit non ipsum cum provident. Ab voluptas consectetur est aut fuga. Officia soluta animi laborum voluptas voluptate aut iste.',0,'2018-01-25 12:06:26','2018-01-25 12:06:26'),
(310,190,'Gerda Cassin PhD','Non aliquid totam architecto. Quo aliquam voluptas velit molestiae reiciendis sit ut explicabo. Omnis nemo dolores explicabo aut. Tenetur sint saepe a sunt eos doloribus velit.',2,'2018-01-25 12:06:26','2018-01-25 12:06:26'),
(311,184,'Virgil Walsh','Consequatur aut quasi soluta qui qui corrupti cupiditate nesciunt. Reprehenderit eius voluptatem voluptatem quas fugit veniam.',3,'2018-01-25 12:06:26','2018-01-25 12:06:26'),
(312,172,'Annetta Stoltenberg II','Odit voluptas exercitationem hic accusamus natus laborum. Nemo aliquam inventore voluptas pariatur enim nihil. Eos laboriosam sed molestiae non.',3,'2018-01-25 12:06:26','2018-01-25 12:06:26'),
(313,158,'Libby Padberg','Reprehenderit placeat sapiente inventore iste ea est. Rerum maxime dignissimos similique occaecati fuga ut ut. Autem repellendus odio et. Ut corporis quo tenetur repellendus.',4,'2018-01-25 12:06:26','2018-01-25 12:06:26'),
(314,182,'Lora Hartmann','Libero maxime amet ut nemo. Hic quia velit dolores in voluptatum voluptatem enim. Non est voluptas dicta assumenda atque.',2,'2018-01-25 12:06:26','2018-01-25 12:06:26'),
(315,163,'Dr. Jana Rosenbaum','Minima esse non voluptas accusamus aperiam. Esse ex sint eveniet maxime fugiat. Eos autem ipsa ratione qui quia. Rerum facilis minima dolorum veniam nostrum ut.',0,'2018-01-25 12:06:26','2018-01-25 12:06:26'),
(316,184,'Marcia Marvin','Facere quia natus quo natus reprehenderit. Optio qui corporis aut. Architecto ea incidunt error dolore enim ipsa.',5,'2018-01-25 12:06:26','2018-01-25 12:06:26'),
(317,180,'Kathlyn Cremin','Ducimus quis in non natus quod culpa. Labore nostrum quis nesciunt et. Dignissimos et et eius laboriosam temporibus aspernatur sed. Iste libero quia nihil ut.',2,'2018-01-25 12:06:27','2018-01-25 12:06:27'),
(318,175,'Ana Stracke','Voluptatum a ab id similique rem. Eos voluptatem aut ab totam qui quaerat. Ipsam atque officia ut asperiores.',5,'2018-01-25 12:06:27','2018-01-25 12:06:27'),
(319,187,'Berry Walker','Ducimus eos numquam officiis non. Facere delectus ut laboriosam sit non pariatur eum. Cum qui deserunt repudiandae ipsum dignissimos et. Odio occaecati et modi ab earum dolores voluptates est.',5,'2018-01-25 12:06:27','2018-01-25 12:06:27'),
(320,189,'Noah Reinger','Quia qui et fuga sed sed. Id temporibus ea assumenda nisi hic assumenda iure. Et occaecati maxime eaque et non.',1,'2018-01-25 12:06:27','2018-01-25 12:06:27'),
(321,169,'Ayana Hyatt','Pariatur commodi aut aperiam qui consequatur sit repudiandae. Molestias non quia omnis qui dicta qui nostrum. Voluptas vitae et voluptatibus molestiae. Ut ut quo molestiae dolor. Voluptas fugiat labore eos deserunt quia accusantium consequuntur.',0,'2018-01-25 12:06:27','2018-01-25 12:06:27'),
(322,196,'Winona Lindgren','Iure tenetur odit sit maiores assumenda ut. Aut consectetur temporibus fugiat voluptatem voluptas et. Molestiae recusandae reiciendis incidunt architecto. Eos deleniti dignissimos corporis odio.',1,'2018-01-25 12:06:27','2018-01-25 12:06:27'),
(323,172,'Cale Adams','Beatae molestias maxime perspiciatis suscipit modi reiciendis aliquid et. Accusamus aut corrupti quasi voluptatibus expedita. Quia accusamus ea in quidem blanditiis in rerum placeat. Ut ea tempore suscipit dolor sunt.',2,'2018-01-25 12:06:27','2018-01-25 12:06:27'),
(324,196,'Miss Jayda Ward II','Expedita similique deserunt ut tenetur non ea aut. Est et velit vitae voluptatem incidunt qui et. Qui dolorum assumenda occaecati eos et dolores et.',3,'2018-01-25 12:06:27','2018-01-25 12:06:27'),
(325,154,'Ms. Leola Johnston Sr.','Delectus consequuntur in sequi voluptatem. Numquam maiores quo enim rerum similique aut sit. Quas in cum delectus porro possimus. Qui rem ut quia aliquam enim ipsa temporibus.',1,'2018-01-25 12:06:27','2018-01-25 12:06:27'),
(326,152,'Mr. Tyreek Feil','Recusandae dicta consequatur asperiores tenetur neque. Ratione ratione quod vero rem qui doloribus. Labore non dolore enim aut pariatur optio voluptatum.',5,'2018-01-25 12:06:27','2018-01-25 12:06:27'),
(327,158,'Mr. Emanuel Littel','Excepturi nostrum eos illo tempore similique. Earum aperiam animi officiis iusto. Tempora veniam expedita nesciunt earum. Eos deleniti exercitationem officiis ipsum ipsum perspiciatis quam.',4,'2018-01-25 12:06:27','2018-01-25 12:06:27'),
(328,151,'Blaise White','Aliquid voluptas molestiae itaque dolore nulla. Incidunt et nobis dolor rerum error. Sed suscipit ex amet aut. Ducimus alias earum rem debitis eveniet.',5,'2018-01-25 12:06:27','2018-01-25 12:06:27'),
(329,162,'Dr. Lou Stokes IV','Quasi laudantium repudiandae sed amet tenetur. Tempore qui qui aliquid excepturi nobis fugit laborum. Nihil vel veritatis qui est. Aliquid quo ex sit nostrum aut. Maiores quidem quo voluptatem sint voluptatem molestiae nihil minus.',0,'2018-01-25 12:06:27','2018-01-25 12:06:27'),
(330,173,'Mercedes Champlin','In ea doloribus mollitia expedita. Cupiditate vel beatae qui fugiat dignissimos. Ipsam corrupti nobis dolores quo. Quis voluptatem aut libero et. Dolore ab quia possimus officiis accusamus quaerat vel.',2,'2018-01-25 12:06:27','2018-01-25 12:06:27'),
(331,188,'Dr. Rocio Koepp III','Omnis ratione commodi eaque ut optio. Omnis quo quam accusantium modi. In nam rerum placeat expedita. Quam quo repellat delectus magni iste velit et.',2,'2018-01-25 12:06:27','2018-01-25 12:06:27'),
(332,174,'Mertie Ankunding Jr.','Quos dolorem distinctio et debitis. Quia qui tempore ipsum maiores eum ut ratione. Velit commodi minima laborum tenetur quidem maiores. Sed cupiditate accusantium et voluptas qui.',4,'2018-01-25 12:06:27','2018-01-25 12:06:27'),
(333,155,'Mr. Alfredo Harvey Sr.','Optio vitae dolorem ut cupiditate molestias provident. Minima praesentium temporibus dolorem dolorum iure. Similique a ut perferendis sapiente.',0,'2018-01-25 12:06:27','2018-01-25 12:06:27'),
(334,191,'Timothy Hilll','Porro iure tempora similique. Et veritatis consequatur voluptatem iste commodi maiores eos suscipit. Quod provident aperiam natus ea aut nostrum aut. Culpa delectus occaecati esse reiciendis cupiditate eveniet possimus sit.',3,'2018-01-25 12:06:27','2018-01-25 12:06:27'),
(335,185,'Salma Bailey','Iste ut tenetur sit officia qui repudiandae voluptatem doloremque. Quam asperiores aliquid explicabo sint. Dignissimos animi corporis nam ut sit mollitia id. Accusantium non maxime ab magni autem qui in.',3,'2018-01-25 12:06:27','2018-01-25 12:06:27'),
(336,182,'Wilson Howe','Velit vel iste dolorem molestiae magnam aut cum. Aperiam facere quibusdam est libero similique voluptate. Est quis rerum error repellat ducimus. Odit voluptas neque rem asperiores ipsa laudantium qui.',0,'2018-01-25 12:06:27','2018-01-25 12:06:27'),
(337,182,'Joshuah O\'Connell','Dolor dolores veniam unde error et rem. Rerum perspiciatis non omnis incidunt est explicabo. At odit est nulla vel optio.',5,'2018-01-25 12:06:27','2018-01-25 12:06:27'),
(338,167,'Charlotte Hane','Est omnis voluptatum deserunt molestiae cupiditate. Aut placeat et sed expedita id commodi harum. Natus iure cum et et voluptates nam.',0,'2018-01-25 12:06:28','2018-01-25 12:06:28'),
(339,167,'Prof. Bertha Kreiger','Qui dicta ut error deserunt at in dignissimos. Debitis cumque aliquam est ullam recusandae ipsum quo. Enim iusto voluptas nesciunt hic tempore perferendis.',0,'2018-01-25 12:06:28','2018-01-25 12:06:28'),
(340,165,'Dr. Fermin Flatley','Ratione earum dignissimos quisquam repellat aut est. Soluta consequuntur quae recusandae dicta omnis voluptatem. Aperiam quasi quo quas sit sequi atque voluptatibus. Ipsam esse ratione minus est qui.',5,'2018-01-25 12:06:28','2018-01-25 12:06:28'),
(341,173,'Kayli Heaney','Vitae modi sunt molestiae sapiente natus. Neque rerum quis non quia harum corporis maxime ut. Hic beatae est mollitia qui earum sint natus. Aut enim aut qui non soluta distinctio.',4,'2018-01-25 12:06:28','2018-01-25 12:06:28'),
(342,193,'Sigmund Bauch','Praesentium ducimus omnis ut sit. Autem et quisquam facilis nihil. Sit provident pariatur eius dolore.',0,'2018-01-25 12:06:28','2018-01-25 12:06:28'),
(343,187,'Prof. Lilly Orn','Est excepturi corporis eaque ea quae. Molestias aut autem blanditiis id. Ex dolor et dignissimos iusto et voluptate molestias. Voluptate laboriosam aut consequatur voluptatem ea et.',3,'2018-01-25 12:06:28','2018-01-25 12:06:28'),
(344,167,'Evangeline Braun','Atque voluptatum et sed aut nisi. Nesciunt dolor eaque aliquid ipsam nesciunt aut debitis. Ea blanditiis quisquam neque est ab earum.',3,'2018-01-25 12:06:28','2018-01-25 12:06:28'),
(345,176,'Devonte Littel','Sed tempora nesciunt et voluptas aut aut sapiente. Laboriosam necessitatibus necessitatibus repellat non. Quia cupiditate illum illo nihil quod.',3,'2018-01-25 12:06:28','2018-01-25 12:06:28'),
(346,179,'Jaquan Nikolaus V','Ut est officia nam tenetur. Occaecati possimus eveniet molestiae et qui. Cumque aut corrupti aliquid est aut. Illum nisi inventore quod quidem tenetur. Rerum mollitia aut odit quis dignissimos.',5,'2018-01-25 12:06:28','2018-01-25 12:06:28'),
(347,197,'Miss Laurence Wyman','Nulla distinctio cumque aut. Id dignissimos at dolores sit enim eum.',5,'2018-01-25 12:06:28','2018-01-25 12:06:28'),
(348,197,'Charlie Rosenbaum DVM','Est amet accusantium debitis dolorem. Odio eius quia totam consectetur ut est tempore. Eos et enim praesentium maiores. Consequatur quisquam nemo totam ut.',2,'2018-01-25 12:06:28','2018-01-25 12:06:28'),
(349,165,'Cletus Buckridge','A reiciendis aspernatur nisi eos ullam doloremque ducimus. Dolorem qui debitis eius quia asperiores ipsa. Aut sint est quis totam. In fugiat commodi cum veritatis dolores eius.',5,'2018-01-25 12:06:28','2018-01-25 12:06:28'),
(350,179,'Dr. Kennedi Daugherty MD','Quasi et adipisci velit corporis suscipit. Repellat perspiciatis natus necessitatibus velit non. Ut ducimus non tempore hic minima. Et cumque labore aut eius possimus nisi voluptas.',4,'2018-01-25 12:06:28','2018-01-25 12:06:28'),
(351,180,'Jarrod Feeney','Voluptate rerum nulla ipsa blanditiis. Harum quidem voluptatem accusamus doloremque impedit.',1,'2018-01-25 12:06:28','2018-01-25 12:06:28'),
(352,168,'Prof. Otis Boyle V','Fugiat repellendus fugiat eius molestiae. Beatae nostrum eos nam architecto voluptatum esse. Itaque quibusdam debitis quisquam aliquam ipsum ut. Aperiam sit molestiae dignissimos enim accusantium.',0,'2018-01-25 12:06:28','2018-01-25 12:06:28'),
(353,198,'Summer Hansen','Et quibusdam est molestiae quo. Quisquam dolor doloribus modi quia dolore numquam provident. Eaque porro labore ut eligendi quia.',3,'2018-01-25 12:06:28','2018-01-25 12:06:28'),
(354,151,'Prof. Avery McDermott','Quis labore error nemo est perspiciatis dolorem dolores. Delectus minima eligendi dolorem laborum voluptate ipsa dolorem.',0,'2018-01-25 12:06:28','2018-01-25 12:06:28'),
(355,170,'Deanna Klocko','Sunt eum repellat reprehenderit quia explicabo. Consequatur quia quia eveniet atque quia. Ullam inventore cum sunt a minima alias. Id ea soluta eligendi debitis aut est quod.',0,'2018-01-25 12:06:28','2018-01-25 12:06:28'),
(356,154,'Dillon Kovacek','Suscipit aperiam ad et eum quaerat sint id. Aliquam et quia odio dolore asperiores nam possimus. Numquam placeat repellat repudiandae blanditiis. Ut dolores qui corporis sed doloremque facere sunt. Eaque ut voluptatem praesentium ad sunt vero.',3,'2018-01-25 12:06:28','2018-01-25 12:06:28'),
(357,191,'Beaulah Grant','Laudantium aliquam quia sit eum temporibus. Neque cupiditate voluptates alias ratione. Neque officiis omnis occaecati quo voluptatem aut.',0,'2018-01-25 12:06:28','2018-01-25 12:06:28'),
(358,171,'Leif Fadel','Distinctio nostrum quasi ut quia voluptatum neque aperiam enim. Recusandae qui est esse et. Sunt a ducimus magnam adipisci iure quae et. Asperiores voluptatem dolores id eveniet tempora et et.',5,'2018-01-25 12:06:28','2018-01-25 12:06:28'),
(359,162,'Ms. Coralie Gerlach PhD','Molestiae harum aperiam officia suscipit commodi perspiciatis ut in. Voluptatem repellat ipsum quos labore. Facilis beatae voluptas dolorem sit pariatur cupiditate. Dignissimos quia saepe vitae aperiam officia assumenda. Harum fuga quibusdam quaerat tempore delectus asperiores officia corporis.',0,'2018-01-25 12:06:28','2018-01-25 12:06:28'),
(360,195,'Bria Medhurst','Molestiae autem et nam distinctio recusandae ea. Quo est delectus sed reprehenderit quidem est. Molestiae eius qui deleniti animi perspiciatis ex.',3,'2018-01-25 12:06:29','2018-01-25 12:06:29'),
(361,187,'Lelia Morissette','Iusto hic qui quam et sed. Est placeat tenetur sed tenetur ut qui vitae quibusdam. Ut qui amet ut alias.',2,'2018-01-25 12:06:29','2018-01-25 12:06:29'),
(362,172,'Clovis Ortiz','Provident dolorem labore in et consequatur. Aut odio ullam in veniam necessitatibus unde quaerat. Blanditiis eius illo quis officia.',1,'2018-01-25 12:06:29','2018-01-25 12:06:29'),
(363,165,'Saige Hamill','Cupiditate quia iste dicta sit culpa. Dolor quam velit et. Ut tenetur ut magni illo molestias corrupti vel. Sunt beatae sit aliquam dolorem.',3,'2018-01-25 12:06:29','2018-01-25 12:06:29'),
(364,163,'Eleonore Quitzon','Culpa velit dolore nulla. Sint explicabo accusamus dolore et. Animi ut molestiae dolorem adipisci dolorum totam adipisci repellat. Distinctio est magnam eum possimus fuga deleniti.',3,'2018-01-25 12:06:29','2018-01-25 12:06:29'),
(365,153,'Margarete Skiles','Laborum consequatur non assumenda dolor rerum sapiente. Beatae tempore neque cumque quis. Et autem architecto dolores nobis exercitationem.',5,'2018-01-25 12:06:29','2018-01-25 12:06:29'),
(366,182,'Earline Glover','Incidunt dolor quaerat reiciendis odit dolore aut tenetur. Suscipit quod sed et ut voluptate. Sequi repellat alias totam libero architecto asperiores labore minus. Aspernatur corrupti et non et cumque ratione recusandae.',5,'2018-01-25 12:06:29','2018-01-25 12:06:29'),
(367,186,'Shaniya Leffler','Laudantium ipsam quis sunt rerum. Assumenda eos facere maxime ut ullam. Consequatur expedita aperiam exercitationem.',0,'2018-01-25 12:06:29','2018-01-25 12:06:29'),
(368,185,'Bernadine Bashirian','Qui ut harum sit porro maxime. Earum est autem tempora quae. Aut quis aut officia ut. Et aut ad recusandae rem.',1,'2018-01-25 12:06:29','2018-01-25 12:06:29'),
(369,177,'Elyssa Wiegand IV','Ex ut repellendus eos eos quia repellendus. Sint architecto vero dolorum nobis. Labore dolorem alias harum magnam ipsum. Debitis facilis ex debitis. Qui dolorem autem tempore saepe.',5,'2018-01-25 12:06:29','2018-01-25 12:06:29'),
(370,156,'Marcelino DuBuque','Minus asperiores cum quia. Deleniti qui adipisci ex minima. Amet quas sunt nam incidunt qui ipsam.',5,'2018-01-25 12:06:29','2018-01-25 12:06:29'),
(371,167,'Giovanna Bartell','Ut quia repudiandae et blanditiis quod. Modi et ab soluta aspernatur sapiente impedit aspernatur odio. Accusamus omnis consequatur quis qui.',5,'2018-01-25 12:06:29','2018-01-25 12:06:29'),
(372,154,'Judge Kautzer','Et veritatis libero rerum mollitia. Voluptatum delectus eos animi in qui. Vel alias provident illum unde totam.',2,'2018-01-25 12:06:29','2018-01-25 12:06:29'),
(373,190,'Mikayla Cartwright','Similique et temporibus voluptatem est omnis quia quod. Totam esse occaecati rerum et voluptas. Aspernatur tempora quaerat laudantium in.',3,'2018-01-25 12:06:29','2018-01-25 12:06:29'),
(374,164,'Domenick Thompson','Et sed nihil minima soluta. Quo delectus et ut et non dolorem tempore asperiores. Ut atque iure id et soluta minus voluptates dicta.',5,'2018-01-25 12:06:29','2018-01-25 12:06:29'),
(375,170,'Mrs. Caleigh Bins PhD','Quia sint ad soluta quo tenetur. Iusto totam eligendi et corporis magni autem odit. Qui quia quia provident et ea. Quia illum enim esse harum. Tenetur dolorum odit adipisci cumque alias.',3,'2018-01-25 12:06:29','2018-01-25 12:06:29'),
(376,157,'Miss Mattie Leannon DDS','Sit qui earum velit aut nemo qui sit. Tenetur dolores est tenetur aut. Non distinctio sint nihil sapiente officia.',3,'2018-01-25 12:06:29','2018-01-25 12:06:29'),
(377,155,'Sidney Watsica','At eligendi libero nam repudiandae. Neque possimus rerum nam id voluptatibus tempora labore. Ut aspernatur perspiciatis eaque et laboriosam recusandae vel vel. Aut sed sint sint sed.',2,'2018-01-25 12:06:29','2018-01-25 12:06:29'),
(378,174,'Kelly Lehner','Rerum consectetur maxime enim hic consequatur ullam. Quisquam repellat aut ut maiores unde. Quis facilis amet laboriosam provident doloribus cum. Qui ex minima ex recusandae.',1,'2018-01-25 12:06:29','2018-01-25 12:06:29'),
(379,165,'Rachael Tremblay','Eveniet et nostrum dolorum eum doloribus. Consequatur perferendis quia eveniet eveniet eos sit. Nihil odit ut sit doloremque eum libero. Et soluta explicabo beatae cumque.',0,'2018-01-25 12:06:29','2018-01-25 12:06:29'),
(380,169,'Mathias Wolff','Quibusdam illo animi eaque sit cumque. Fugiat laboriosam et accusamus. Inventore eius dolorum numquam sed quibusdam voluptatem expedita vel. Quidem aliquid id quia occaecati quas unde dicta.',3,'2018-01-25 12:06:29','2018-01-25 12:06:29'),
(381,184,'Cora O\'Kon','Optio iste aperiam incidunt aliquid quaerat quae. Nam est omnis officia molestiae quis nihil repudiandae est. Ullam aut soluta ipsum placeat nihil.',0,'2018-01-25 12:06:29','2018-01-25 12:06:29'),
(382,167,'Joshua Greenholt','Vel eos dolor accusantium consequuntur adipisci maxime aut. Eius nam doloremque assumenda sint nesciunt dolores.',5,'2018-01-25 12:06:30','2018-01-25 12:06:30'),
(383,177,'Madilyn Stark','Quae similique ipsum facere quod delectus delectus ratione quam. Iure voluptas odio sequi. Veritatis labore nihil et sed ut corrupti optio eius.',3,'2018-01-25 12:06:30','2018-01-25 12:06:30'),
(384,178,'Cortney Nader','Harum rerum necessitatibus tempora in non ratione omnis. Veniam rerum illum dicta fuga impedit possimus. Magnam dicta harum est dolorem rem. Est cumque vel repudiandae exercitationem aperiam labore consequatur perspiciatis.',4,'2018-01-25 12:06:30','2018-01-25 12:06:30'),
(385,192,'Darrion Sawayn','Qui qui illum unde vel enim. Ipsum neque quidem aperiam magnam. Dolorum a facere velit blanditiis ut perspiciatis ipsa dolor.',2,'2018-01-25 12:06:30','2018-01-25 12:06:30'),
(386,167,'Allene Feest II','Vel nobis inventore error nam. Omnis aut aliquid ducimus delectus sed dolorem. Hic rerum mollitia quas ut.',1,'2018-01-25 12:06:30','2018-01-25 12:06:30'),
(387,184,'Edmond Balistreri','Omnis corrupti reiciendis distinctio consequatur veritatis reprehenderit et. Aut excepturi illo molestias sequi aut quaerat. Qui sed eos perferendis dolores ex. Consectetur iusto velit rerum accusantium.',2,'2018-01-25 12:06:30','2018-01-25 12:06:30'),
(388,180,'Giovanna Toy','Non nostrum officiis odit quam ut aliquam veniam ratione. Quisquam ea alias optio saepe. Earum ea ipsa voluptates vel dolorem saepe.',5,'2018-01-25 12:06:30','2018-01-25 12:06:30'),
(389,176,'Hailee Fahey DVM','Ipsum repudiandae asperiores veniam voluptatem. Officia ex sed ipsum occaecati similique rerum earum ea. Eos qui illo ullam doloremque non. Atque debitis recusandae error molestiae.',1,'2018-01-25 12:06:30','2018-01-25 12:06:30'),
(390,196,'Josefa Kub','Mollitia molestiae debitis qui est quis porro perferendis. Consequatur in sed reiciendis vel cum. Occaecati explicabo iste voluptatem qui nostrum repellendus impedit sint.',5,'2018-01-25 12:06:30','2018-01-25 12:06:30'),
(391,153,'Mellie Mante','Cumque impedit hic numquam illo modi iure voluptatem. Dolorem repellendus et rerum similique aperiam quaerat unde corrupti. Optio ipsa quidem unde et corrupti qui veritatis. Architecto facere magni qui fugit maxime omnis iusto.',2,'2018-01-25 12:06:30','2018-01-25 12:06:30'),
(392,173,'Alexandre Waters PhD','Dolorem odit repudiandae consequatur nulla est sit voluptatum est. Libero eaque dolor molestiae ut velit. Est consequatur ea commodi sunt quia quae quam voluptates.',1,'2018-01-25 12:06:30','2018-01-25 12:06:30'),
(393,170,'Dr. Ona Mills MD','Rerum asperiores ut eveniet sit earum. Sunt fugit fugiat enim fuga error nihil aut. Aspernatur sunt eaque consequuntur voluptatum dicta veritatis qui ratione.',3,'2018-01-25 12:06:30','2018-01-25 12:06:30'),
(394,157,'Mrs. Vella Jacobs','Eveniet dolor qui non ut soluta. Sed perferendis nostrum ipsam deleniti quia magnam beatae. Deserunt asperiores id nihil ut earum dolorum autem praesentium. Amet incidunt et repellendus porro ut doloribus.',2,'2018-01-25 12:06:30','2018-01-25 12:06:30'),
(395,176,'Ruthe Rice','Possimus tenetur porro optio sit laudantium dolore ab praesentium. Voluptatum asperiores dolor delectus eveniet tenetur. Eveniet et mollitia error eligendi enim quia itaque. Architecto cupiditate vero iusto itaque.',3,'2018-01-25 12:06:30','2018-01-25 12:06:30'),
(396,171,'Alexandrine Gislason','Commodi doloremque quis accusamus voluptas. Repudiandae omnis voluptate ut optio. Sed repellat inventore porro dolor modi. Et similique omnis atque nisi culpa.',4,'2018-01-25 12:06:30','2018-01-25 12:06:30'),
(397,160,'Velma Wilderman MD','Temporibus quisquam cupiditate eum eveniet provident eveniet adipisci blanditiis. Adipisci est praesentium autem non ut saepe in.',5,'2018-01-25 12:06:30','2018-01-25 12:06:30'),
(398,184,'Miss Britney Schinner PhD','Eius enim voluptatem dicta non nihil. Laboriosam quas enim et commodi perspiciatis aut odit. Dolores officia quidem tenetur nemo amet animi eveniet. Eveniet fugiat molestiae explicabo quidem.',2,'2018-01-25 12:06:30','2018-01-25 12:06:30'),
(399,198,'Brandt Stiedemann','Debitis aliquid dolorem debitis fugiat quas ducimus est. Eum natus sequi rerum minus. Voluptatem dignissimos et omnis mollitia aut nesciunt. Impedit ut eveniet cum mollitia autem eos vitae.',3,'2018-01-25 12:06:30','2018-01-25 12:06:30'),
(400,153,'Novella Graham','Ducimus aliquam quas quia sint amet sit animi qui. Consectetur nesciunt voluptatem quas molestiae et autem maiores. Non quia eos autem amet.',0,'2018-01-25 12:06:30','2018-01-25 12:06:30'),
(401,199,'Edyth Hodkiewicz DDS','Repudiandae nisi omnis libero rerum sed. Omnis et dolorem corrupti enim et ex at ab. Officiis eum vero officia non veritatis. Quas quod sapiente illum atque dignissimos rerum deleniti.',1,'2018-01-25 12:06:30','2018-01-25 12:06:30'),
(402,181,'Madeline Morissette','Adipisci qui temporibus quibusdam vel. Error provident atque dicta rem. Quod molestiae deserunt praesentium et quo quia iusto.',4,'2018-01-25 12:06:30','2018-01-25 12:06:30'),
(403,155,'Estel Pacocha','Molestias sapiente quaerat fugit quod sed cupiditate consequuntur. Exercitationem non in dignissimos deserunt sed. Doloremque atque quia minima porro laudantium temporibus qui.',0,'2018-01-25 12:06:30','2018-01-25 12:06:30'),
(404,154,'Mr. Blair Spencer','Quibusdam sit consequatur error minima quo sed. Ut rerum minus ut ex eligendi sapiente labore accusamus. Dolores animi laudantium optio dolores. Fuga officiis voluptas ab error dolorem eligendi sit.',0,'2018-01-25 12:06:30','2018-01-25 12:06:30'),
(405,156,'Juwan Shanahan IV','Sint unde quas ratione unde aut dolorem suscipit. Doloribus expedita molestias adipisci praesentium. Qui est aut tempore tempore. Fuga iusto maxime qui magni atque quod qui.',2,'2018-01-25 12:06:31','2018-01-25 12:06:31'),
(406,200,'Miss Bettye O\'Kon','Aspernatur pariatur aut odio mollitia deserunt suscipit iste corrupti. Est repudiandae qui sit id temporibus quidem qui. Iste quis qui unde aperiam.',4,'2018-01-25 12:06:31','2018-01-25 12:06:31'),
(407,165,'Maria Collier','Beatae iure quam iste delectus. Veniam earum ut ipsa non. Dolor corrupti exercitationem molestiae est sequi sit. Perspiciatis eligendi ducimus qui aut quae sint.',2,'2018-01-25 12:06:31','2018-01-25 12:06:31'),
(408,173,'Mr. Green Torp','Nesciunt est minus sunt ratione at sit et. Repellat aut qui tenetur inventore itaque quia animi sequi. Veniam rem temporibus autem mollitia sunt repellat.',0,'2018-01-25 12:06:31','2018-01-25 12:06:31'),
(409,169,'Dr. Lorenza Ryan','Ipsum ut itaque nihil ut vel aperiam rerum quod. Accusamus commodi ea molestiae. Rerum quos beatae qui ipsam.',5,'2018-01-25 12:06:31','2018-01-25 12:06:31'),
(410,194,'Elijah Grimes','Nostrum iste illum voluptatem. Quo consectetur molestias non blanditiis facere facilis est. Natus nobis sit dolorem rem sunt beatae. Corrupti repudiandae veritatis error nesciunt recusandae ex nesciunt.',5,'2018-01-25 12:06:31','2018-01-25 12:06:31'),
(411,153,'Dorcas Zboncak','Voluptas eligendi dolor aliquam ab voluptatibus. Laudantium deleniti harum velit voluptatibus et hic. Et sed consectetur eligendi eius modi. Quia quisquam ut assumenda natus qui eos hic.',0,'2018-01-25 12:06:31','2018-01-25 12:06:31'),
(412,175,'Dr. Kimberly Friesen I','Enim et culpa et. Aut voluptatum quidem qui omnis. Aut aliquid esse id numquam cumque amet neque fuga. Repudiandae voluptas aut nulla quos. Rerum omnis eligendi molestias aut est odio.',3,'2018-01-25 12:06:31','2018-01-25 12:06:31'),
(413,165,'Dr. Eleazar Runolfsdottir III','Necessitatibus voluptas quis doloremque ad blanditiis. Nihil et accusantium minima iusto nobis nesciunt. Qui asperiores illo sint magnam est. Praesentium omnis reiciendis eius.',0,'2018-01-25 12:06:31','2018-01-25 12:06:31'),
(414,153,'Roberta Robel','Ipsa cumque et assumenda culpa illo iste dolorum. Ut doloremque beatae et et nobis. Fugit quibusdam eaque ut illum qui.',5,'2018-01-25 12:06:31','2018-01-25 12:06:31'),
(415,162,'Linnie Luettgen','Dolor soluta vero labore eveniet alias necessitatibus. Alias reiciendis iusto quibusdam aliquid quaerat sit id. Earum vitae nihil sit nisi odio. Dicta necessitatibus eos distinctio laborum illo.',2,'2018-01-25 12:06:31','2018-01-25 12:06:31'),
(416,195,'Katheryn Gerlach','Omnis nulla eligendi laboriosam voluptatem placeat provident velit dolor. Optio doloremque porro vel quia cum. Pariatur ut natus occaecati fuga.',1,'2018-01-25 12:06:31','2018-01-25 12:06:31'),
(417,154,'Mrs. Antonia Heidenreich IV','Est pariatur quis a rem dolores veritatis molestias in. Soluta odio sed quisquam vero. Quaerat quis exercitationem quo perspiciatis. Dicta est quam occaecati hic quod dolorem.',0,'2018-01-25 12:06:31','2018-01-25 12:06:31'),
(418,152,'Prof. Elfrieda Schultz','Itaque deserunt accusamus ipsum voluptates aut aut illo ut. Quis nihil voluptates quisquam repudiandae quis ut repellat. Dolorum impedit aut distinctio. Veritatis consequuntur et est et quas facere nam modi.',5,'2018-01-25 12:06:31','2018-01-25 12:06:31'),
(419,152,'Prof. Elna Harvey III','Ullam ea sint aut nam quo. Aliquam non cumque qui odio magni atque. Ad fugit reprehenderit in rerum minima aut animi vel.',4,'2018-01-25 12:06:31','2018-01-25 12:06:31'),
(420,173,'Emilia Luettgen','Molestiae eaque vero inventore repellat et velit quidem. Non aut sed natus eligendi quia est. Voluptas sint nisi sapiente mollitia mollitia voluptatem doloribus. Vel voluptatem est est molestiae non quasi quia.',3,'2018-01-25 12:06:31','2018-01-25 12:06:31'),
(421,189,'Seth Hane','Eos occaecati qui ea porro est. A qui amet alias voluptatibus eveniet mollitia dignissimos quisquam. Dignissimos reprehenderit sit facilis. Alias accusantium quae enim aliquam quae hic dicta.',2,'2018-01-25 12:06:31','2018-01-25 12:06:31'),
(422,163,'Shane Denesik','Dolor magnam aut aut esse cum aut nobis aliquam. Distinctio voluptate assumenda qui et.',3,'2018-01-25 12:06:31','2018-01-25 12:06:31'),
(423,154,'Mercedes Wiegand','Officiis expedita incidunt autem praesentium quasi asperiores voluptas. Dolorem consequuntur ipsam inventore omnis saepe asperiores quasi. Aliquam qui omnis rerum libero non magnam sint. Quisquam qui molestiae voluptatem ut officiis iure. Dolorem sint inventore aliquam voluptas.',5,'2018-01-25 12:06:31','2018-01-25 12:06:31'),
(424,173,'Garett Spinka','Delectus numquam corporis et ut. Qui odit omnis voluptatem corrupti non. Ratione eligendi et labore nisi quis. Doloremque ut nobis voluptatum.',2,'2018-01-25 12:06:31','2018-01-25 12:06:31'),
(425,200,'Lauren Erdman','Laborum rem nulla quia molestiae eveniet quis sit. Dolor necessitatibus vel consequatur nisi expedita corporis.',3,'2018-01-25 12:06:31','2018-01-25 12:06:31'),
(426,166,'Mrs. Freeda Fahey','Dolorem suscipit blanditiis eum non omnis. Culpa dolorem enim quia itaque eum ea eos. Aut sunt ducimus labore dolorum aut soluta quasi. Veniam corrupti nihil qui non est necessitatibus rerum dicta.',0,'2018-01-25 12:06:32','2018-01-25 12:06:32'),
(427,154,'Carrie Dooley','Et vero quaerat earum deserunt voluptatem. Aut qui et eveniet et.',5,'2018-01-25 12:06:32','2018-01-25 12:06:32'),
(428,176,'Pat Kemmer PhD','Consequuntur quos perspiciatis optio ducimus. Unde qui commodi ut architecto occaecati. Voluptatum laudantium aut consequatur porro ea laborum porro.',4,'2018-01-25 12:06:32','2018-01-25 12:06:32'),
(429,185,'Dr. Camden Rath Jr.','Sit fugiat debitis quia voluptate enim sunt autem animi. Culpa et quia harum corrupti eveniet quaerat quae. Perspiciatis veniam tenetur commodi est totam consequuntur nostrum.',1,'2018-01-25 12:06:32','2018-01-25 12:06:32'),
(430,200,'Miss Lydia Fisher Sr.','Iure sequi odit qui est. Vel quisquam occaecati dicta. Doloremque et reprehenderit eum suscipit excepturi.',2,'2018-01-25 12:06:32','2018-01-25 12:06:32'),
(431,154,'Mrs. Iliana Rowe I','Quibusdam rerum natus odit sint. Harum autem autem voluptatem non consectetur voluptate. Harum eligendi enim cupiditate quia autem.',5,'2018-01-25 12:06:32','2018-01-25 12:06:32'),
(432,172,'Prof. Tiffany Steuber','Hic numquam doloribus id ut ipsum qui vitae at. Ut quo molestiae error et quis. Ea aut dolorum id est aut adipisci. Animi iure eum in odio. Aut neque quae culpa.',5,'2018-01-25 12:06:32','2018-01-25 12:06:32'),
(433,155,'Quentin Fay','Autem inventore cum dolor officia et. Sequi impedit deserunt ipsam est doloremque. Aliquid voluptatibus natus porro consequuntur deleniti. Minus voluptatem ut necessitatibus natus beatae doloremque. Et distinctio quia quam ut quia et sint modi.',3,'2018-01-25 12:06:32','2018-01-25 12:06:32'),
(434,190,'Evalyn Kerluke','Est et assumenda molestiae minima. Ut ex quia illum omnis ullam blanditiis neque. Aspernatur tempora eum aliquid commodi. Laudantium cupiditate aut qui tempore dolorem.',3,'2018-01-25 12:06:32','2018-01-25 12:06:32'),
(435,159,'Anderson Sanford','Ipsum et nemo cum facere. Numquam natus quam ut.',4,'2018-01-25 12:06:32','2018-01-25 12:06:32'),
(436,193,'Mrs. Asa Ortiz I','Culpa facilis officiis quo voluptate voluptatem consequatur voluptas perspiciatis. Voluptatem sunt nulla commodi non aliquam. Nostrum quos doloribus omnis sapiente reiciendis.',1,'2018-01-25 12:06:32','2018-01-25 12:06:32'),
(437,159,'Ms. Annie Nienow III','Rem aliquid earum dolorem laboriosam et aperiam. Porro eaque voluptas sint molestiae occaecati. Quod omnis inventore voluptatem doloremque ducimus ut exercitationem.',0,'2018-01-25 12:06:32','2018-01-25 12:06:32'),
(438,155,'Mr. Armani Schinner V','Enim nulla id ab hic nisi similique. Eum eligendi illum aut rerum.',0,'2018-01-25 12:06:32','2018-01-25 12:06:32'),
(439,159,'Jettie Mertz I','Nostrum in perferendis quas nisi. Aliquam iure quas expedita minima consequatur recusandae rerum officia. Architecto nam magni voluptatibus ducimus quas dolores.',0,'2018-01-25 12:06:32','2018-01-25 12:06:32'),
(440,165,'Alysson Kertzmann II','Eos quia fugit fugit voluptatem hic et modi. Hic non soluta ut sit qui. Voluptas et perspiciatis debitis sed placeat repudiandae. Impedit cum dolorum aspernatur et.',0,'2018-01-25 12:06:32','2018-01-25 12:06:32'),
(441,180,'Dr. Edyth Hoppe DDS','Necessitatibus tempora quis sunt pariatur dolor. Dolorum rerum sequi occaecati in et. Vel iusto officiis itaque est itaque non quisquam aperiam. Ipsum enim autem quia architecto. Aut accusantium autem amet aut voluptate maiores.',5,'2018-01-25 12:06:32','2018-01-25 12:06:32'),
(442,188,'Brenna Gerhold','In molestiae temporibus laboriosam at. Non adipisci quod ea quia qui. Adipisci odit sequi cum minima provident deleniti sed et.',3,'2018-01-25 12:06:32','2018-01-25 12:06:32'),
(443,197,'Ryder Mante','Omnis enim ab ex iure quia illo. Iusto officiis commodi eligendi architecto. Labore atque dolorem et qui sit voluptatem. Neque in ut soluta dicta.',2,'2018-01-25 12:06:32','2018-01-25 12:06:32'),
(444,173,'Amely Baumbach','Excepturi quia rem consequatur officiis recusandae est. Minus quisquam nulla repellendus commodi facere ut id. Eius necessitatibus corrupti qui laudantium repudiandae beatae dolore.',1,'2018-01-25 12:06:32','2018-01-25 12:06:32'),
(445,178,'Prof. Brennan Considine','At qui recusandae et placeat voluptas. Quam iusto harum quam expedita. Optio repudiandae repellendus ipsa nihil.',3,'2018-01-25 12:06:32','2018-01-25 12:06:32'),
(446,152,'Prof. Chandler Schneider','Et alias in adipisci. Quod voluptatem atque perspiciatis voluptatem sed. Asperiores ducimus sed minima et commodi et quo.',3,'2018-01-25 12:06:32','2018-01-25 12:06:32'),
(447,166,'Madisen Skiles','Cum exercitationem praesentium ut beatae corrupti autem a. Beatae tenetur corrupti aperiam quia quaerat voluptas. Qui dolore eum aut repellendus. Non fuga possimus enim qui.',2,'2018-01-25 12:06:32','2018-01-25 12:06:32'),
(448,189,'Cale Schmeler','Sapiente eveniet eum maxime voluptas. Id voluptatem similique animi ipsum voluptas voluptates. Suscipit corporis voluptatem sapiente sapiente officia at nihil. Quidem distinctio nulla id tempore ipsum sapiente.',4,'2018-01-25 12:06:32','2018-01-25 12:06:32'),
(449,173,'Reymundo Doyle','Ut explicabo nostrum perferendis velit. Neque nam voluptates architecto cumque consectetur ratione. Iure sit laudantium voluptas rerum. Ratione molestiae consequuntur eligendi.',1,'2018-01-25 12:06:33','2018-01-25 12:06:33'),
(450,161,'Stephan Schultz','Sit est quasi incidunt ipsa occaecati eos provident. Aut sint cumque doloremque perspiciatis nihil vero. Consequatur non qui repellendus facere rerum eos cum.',5,'2018-01-25 12:06:33','2018-01-25 12:06:33'),
(451,176,'Jany Williamson','Ea ad error quibusdam ut. Placeat officia sunt consectetur iure recusandae. Ullam vero molestiae qui explicabo atque consectetur fugit iusto. Qui dolor magni voluptas ratione. Odit voluptates autem mollitia sed.',3,'2018-01-25 12:06:33','2018-01-25 12:06:33'),
(452,184,'Providenci Orn','Officia laboriosam excepturi est similique quod. Ut a facilis porro exercitationem excepturi consequatur amet debitis. Voluptas est ipsam quibusdam.',2,'2018-01-25 12:06:33','2018-01-25 12:06:33'),
(453,160,'Myrna Bogisich','Nihil aut maxime beatae neque explicabo unde. Iure impedit officia eum animi occaecati velit eius.',0,'2018-01-25 12:06:33','2018-01-25 12:06:33'),
(454,177,'Prof. Benedict Greenholt Jr.','Tempore pariatur non consequatur non. Voluptatem molestias eum fugit quisquam. Voluptatem eligendi cum quo minima laudantium voluptas voluptate aut.',3,'2018-01-25 12:06:33','2018-01-25 12:06:33'),
(455,165,'Eryn Kuhlman','Aut corporis dolor illo ab. Nihil sit neque repellat dolores consequatur et. Ipsa quas quis quam.',2,'2018-01-25 12:06:33','2018-01-25 12:06:33'),
(456,180,'Sonny Hilll','Quod voluptatem repellat eligendi qui. Nulla eveniet et repudiandae est ipsa. Id voluptatum sed et impedit possimus rerum est. Non laboriosam laboriosam repellendus id.',1,'2018-01-25 12:06:33','2018-01-25 12:06:33'),
(457,169,'Marshall Leuschke','Autem culpa in saepe. Quia pariatur in magni laudantium quasi facilis vel sed. Deserunt eum aut autem qui.',5,'2018-01-25 12:06:33','2018-01-25 12:06:33'),
(458,151,'Mr. Ansel Nolan','Saepe modi non numquam dolores est voluptatem sequi. Tempore ducimus et dicta blanditiis. Consequuntur omnis numquam asperiores magni consequatur. Nisi repudiandae omnis et incidunt.',5,'2018-01-25 12:06:33','2018-01-25 12:06:33'),
(459,185,'Prof. Al Schowalter','Iusto nemo laboriosam optio eius quas aut. Animi consequuntur at eius id.',3,'2018-01-25 12:06:33','2018-01-25 12:06:33'),
(460,190,'Ima Greenfelder','Nobis enim voluptatem at aut vero necessitatibus. Quam numquam animi sunt numquam ut. Autem nulla earum animi numquam iste dolorem deleniti ex. Sunt vitae et facere quasi possimus.',5,'2018-01-25 12:06:33','2018-01-25 12:06:33'),
(461,173,'Marilyne O\'Kon','Fugit quos ut deserunt sed ut eaque officia porro. Et hic voluptas numquam et enim. Possimus nostrum nesciunt quidem. Cupiditate accusantium recusandae aliquam atque. Qui magni ea aperiam aliquid quibusdam et dolorem dicta.',0,'2018-01-25 12:06:33','2018-01-25 12:06:33'),
(462,170,'Eve Ziemann','Ex et amet dicta sit sunt accusantium. Quia non incidunt qui quidem est. Natus molestiae dolor dolore aut numquam laborum.',0,'2018-01-25 12:06:33','2018-01-25 12:06:33'),
(463,169,'Dr. Micaela Willms IV','Autem eum autem autem aperiam omnis. Facilis accusamus voluptatibus odit quis itaque expedita debitis.',0,'2018-01-25 12:06:33','2018-01-25 12:06:33'),
(464,196,'Ms. Jannie Bahringer','In quisquam sapiente aut ut ea aperiam. Reprehenderit tenetur aut tempore maiores quia et omnis.',3,'2018-01-25 12:06:33','2018-01-25 12:06:33'),
(465,182,'Hershel Friesen','Repellendus impedit ut id facere aut ut non accusantium. Distinctio laboriosam modi quasi id iste repellat inventore. Maxime excepturi illo aut non aut dolor qui. Culpa rerum id amet id omnis rerum consequatur.',5,'2018-01-25 12:06:33','2018-01-25 12:06:33'),
(466,177,'Ms. Maxie Bernier Sr.','Quisquam consectetur saepe ut quia. Corporis quis veritatis aliquam nulla. Vel ut distinctio totam sunt voluptatem et qui debitis.',5,'2018-01-25 12:06:33','2018-01-25 12:06:33'),
(467,195,'Mossie Goldner','Dolores eaque facilis dolore id. Suscipit dolorum deleniti hic repellendus neque. Ipsum ipsam incidunt nulla quaerat qui fugiat.',4,'2018-01-25 12:06:33','2018-01-25 12:06:33'),
(468,187,'Micheal Reinger','Qui sapiente eveniet sunt dolorum quod expedita. Molestiae eum possimus vel commodi. Et sunt ut molestiae rerum exercitationem dolore.',2,'2018-01-25 12:06:33','2018-01-25 12:06:33'),
(469,176,'Prof. Wendell Kassulke','Saepe adipisci eveniet et sunt corrupti quos et. Dolores labore sunt adipisci non. Eveniet dolorem quia dolores est quam dicta sapiente.',5,'2018-01-25 12:06:33','2018-01-25 12:06:33'),
(470,169,'Claud Doyle','Ea et voluptatem perferendis ea facere et animi. Velit beatae quo vel maxime odio dolor est excepturi. Excepturi et tenetur deleniti non quis.',3,'2018-01-25 12:06:33','2018-01-25 12:06:33'),
(471,179,'Cassandre Thiel I','Quia est atque eos asperiores aliquam dolore quidem. Voluptas maxime est amet autem soluta.',2,'2018-01-25 12:06:33','2018-01-25 12:06:33'),
(472,172,'Loyal Weissnat MD','Ut et sequi excepturi quaerat adipisci. Exercitationem qui asperiores consequuntur aut qui quasi ut rerum. Molestiae ipsum voluptas impedit dolor provident. Voluptate tenetur ea quidem occaecati.',1,'2018-01-25 12:06:33','2018-01-25 12:06:33'),
(473,164,'Dr. Harry Carroll','Quaerat iste aspernatur architecto autem saepe. Aperiam ex harum voluptas ea. Aut mollitia at perspiciatis tenetur porro ipsa.',1,'2018-01-25 12:06:34','2018-01-25 12:06:34'),
(474,171,'Glen Lang','Aliquam mollitia eos praesentium ipsum aliquam voluptatem et. Aspernatur nulla error vel illo perferendis non at. Dolores dolorem ducimus esse consectetur nemo natus quia. Autem nihil perferendis vel et adipisci suscipit ut.',3,'2018-01-25 12:06:34','2018-01-25 12:06:34'),
(475,172,'Napoleon Mayert II','Eum qui officiis eaque libero molestiae. Molestiae facere sunt accusantium qui porro. Et molestiae alias nemo a.',4,'2018-01-25 12:06:34','2018-01-25 12:06:34'),
(476,176,'Ron Sipes','Et voluptatem voluptas reiciendis rem provident optio provident. Dolores vel eum nobis voluptatum. Autem voluptates illo quos a.',3,'2018-01-25 12:06:34','2018-01-25 12:06:34'),
(477,197,'Prof. Rhea Bogan','Optio hic repudiandae quam vitae aut. Itaque neque numquam culpa enim dicta a ad. Ipsum perferendis aut qui.',1,'2018-01-25 12:06:34','2018-01-25 12:06:34'),
(478,186,'Annalise Nolan','Optio corporis eos ducimus quis eligendi assumenda. Recusandae deleniti qui ut dolore voluptatibus odit. Nemo soluta quae sed.',3,'2018-01-25 12:06:34','2018-01-25 12:06:34'),
(479,163,'Dr. Mabelle Kulas','Eius hic rem omnis ut unde non. Voluptatem voluptas velit ut rerum id sint aut doloremque. Enim eveniet quis esse. Vero facere tenetur aliquid voluptatem consequuntur pariatur. Quia repellendus cum blanditiis laborum.',1,'2018-01-25 12:06:34','2018-01-25 12:06:34'),
(480,160,'Renee Reichel','Nulla vero nisi exercitationem qui quam temporibus id. Quibusdam labore dolor minus. Impedit et qui provident a voluptate non ut consequuntur.',4,'2018-01-25 12:06:34','2018-01-25 12:06:34'),
(481,188,'Prof. Angus Rutherford MD','Tenetur veniam laborum optio fugiat omnis. Quia soluta dolorem hic. Aliquid dolores odit hic omnis dolore dolorum ut tempore. Accusamus corrupti odit consequuntur deleniti commodi consequuntur omnis. Aperiam sunt nulla magni quis.',4,'2018-01-25 12:06:34','2018-01-25 12:06:34'),
(482,154,'Lucas Conroy Jr.','Rem harum voluptates officia perspiciatis tempora. Non modi quas sit eveniet quod qui quis. Incidunt quasi et similique at harum eos et. Corrupti recusandae atque odit atque nobis voluptas.',2,'2018-01-25 12:06:34','2018-01-25 12:06:34'),
(483,192,'Kelsie Stiedemann DDS','Provident possimus ducimus quo. Et aut ipsa sunt. Et facilis et eum sed.',1,'2018-01-25 12:06:34','2018-01-25 12:06:34'),
(484,155,'Ms. Iva Ratke','Velit et velit et. Qui quia quia deleniti nostrum. Consectetur et culpa autem ipsum quia quas laborum.',2,'2018-01-25 12:06:34','2018-01-25 12:06:34'),
(485,151,'Miss Pearl Windler III','Vel vero consectetur laudantium aliquam minus illo. Quas optio libero veniam in culpa. Voluptatum qui assumenda quis eveniet. Molestiae dolores nulla nihil ea assumenda.',1,'2018-01-25 12:06:34','2018-01-25 12:06:34'),
(486,156,'Shanel Morar','Sunt labore ea quo reprehenderit nulla. Esse eos voluptates atque illum. Cupiditate quos qui est quasi esse a. In quae saepe est quas iste aut.',3,'2018-01-25 12:06:34','2018-01-25 12:06:34'),
(487,179,'Trevion Jacobs','Libero veniam libero repellendus distinctio nesciunt dolorem voluptas et. Ea vel odio nisi laboriosam libero ut. Ut quo qui veniam et provident. Consectetur dolor voluptatem sit illum.',0,'2018-01-25 12:06:34','2018-01-25 12:06:34'),
(488,158,'Coralie Stroman','Eaque ex natus tenetur voluptatum ipsum aut. Architecto quia iusto velit. Qui at autem voluptas amet est quo omnis. Adipisci fugiat nihil aliquam nihil et.',5,'2018-01-25 12:06:34','2018-01-25 12:06:34'),
(489,182,'Shane Metz','Et at et velit aperiam aut commodi consectetur iure. Doloremque impedit incidunt facere dicta et at quibusdam. Quam temporibus molestias est vel quidem at et.',5,'2018-01-25 12:06:34','2018-01-25 12:06:34'),
(490,176,'Reid Haag','Perferendis consequatur nostrum quam expedita voluptatem sequi vel. Fuga enim est sunt enim rem corrupti. Praesentium temporibus modi quia deleniti eum quia.',2,'2018-01-25 12:06:34','2018-01-25 12:06:34'),
(491,151,'Stan Bechtelar','Porro sapiente repellendus aperiam voluptatem qui omnis deserunt. Molestias excepturi natus expedita veniam. Eum autem voluptas harum ea iste iure.',1,'2018-01-25 12:06:34','2018-01-25 12:06:34'),
(492,196,'Mr. Braden Langosh III','Distinctio sed sint voluptatem provident culpa ratione. Sed voluptas enim nihil voluptatem. Dolores et animi molestiae consequatur aut et et. Voluptatum est aut eveniet.',2,'2018-01-25 12:06:34','2018-01-25 12:06:34'),
(493,154,'Una Pfannerstill','Minima animi deserunt id voluptas est non unde. Qui ea illo rem perferendis. Rerum quaerat consequuntur tenetur ducimus laudantium voluptatem. Et sed nulla ipsam ipsam sint et molestiae.',5,'2018-01-25 12:06:34','2018-01-25 12:06:34'),
(494,194,'Javonte Will PhD','Amet sed veniam vel ex assumenda. Quas similique voluptates deserunt corporis voluptatum. Nam temporibus ullam magnam sed sint quisquam. Molestias molestias corporis sint sit ut et ad.',4,'2018-01-25 12:06:34','2018-01-25 12:06:34'),
(495,194,'Asha Yundt','Repellendus excepturi maiores et dolore. Et quos ipsa minus. Cupiditate est sunt ut.',3,'2018-01-25 12:06:35','2018-01-25 12:06:35'),
(496,156,'Mr. Titus Halvorson V','Laborum mollitia ullam quisquam. Itaque iusto animi doloribus distinctio adipisci nisi doloremque. Accusantium enim velit est vero illum et accusantium. Quos minima consequatur delectus at impedit explicabo est.',1,'2018-01-25 12:06:35','2018-01-25 12:06:35'),
(497,182,'Richie Wiza','Quaerat occaecati consequuntur non fuga. Asperiores ratione doloremque et ipsum minima eum. Sapiente temporibus eum iste sint. Vel rerum commodi et quibusdam eligendi ea.',1,'2018-01-25 12:06:35','2018-01-25 12:06:35'),
(498,173,'Mrs. Shawna Towne MD','Ratione veritatis necessitatibus veniam. Est ipsa provident adipisci eum exercitationem dolores similique quia. Exercitationem delectus ratione similique voluptatum quia labore recusandae. Aut nostrum sed doloremque et qui a eum.',2,'2018-01-25 12:06:35','2018-01-25 12:06:35'),
(499,185,'Camylle McGlynn','Delectus iusto vero aut eum quia. Quas sunt voluptas magni non. Et sed sint assumenda aliquid voluptatem. Minus facilis suscipit quia dolores.',1,'2018-01-25 12:06:35','2018-01-25 12:06:35'),
(500,187,'Annalise Jaskolski I','Dolorem facilis rerum et non consequatur illo enim amet. Ut quas deleniti est corrupti similique eum. In sunt ut incidunt voluptatibus et nisi cumque atque.',1,'2018-01-25 12:06:35','2018-01-25 12:06:35'),
(501,170,'Darron Pollich III','Excepturi qui ad sint. Soluta impedit est minus minus. Sunt placeat tenetur iste quas et dolor.',0,'2018-01-25 12:06:35','2018-01-25 12:06:35'),
(502,155,'Dr. Albin Graham','Natus vitae error iure corrupti. Ullam velit tempore voluptas similique. At repellendus dolor amet unde et ea quos. Qui corrupti earum hic.',1,'2018-01-25 12:06:35','2018-01-25 12:06:35'),
(503,165,'Melyna Rutherford','Nam eum non et tempora est cupiditate dolorem. Voluptatem quo dolor non earum voluptatum. Ut quo quasi culpa.',5,'2018-01-25 12:06:35','2018-01-25 12:06:35'),
(504,177,'Loren Paucek','Dolorum dolore harum aperiam. Officiis consectetur et qui. Impedit rem dolores maiores adipisci animi ipsam quia dolores. Eos a nihil quisquam occaecati enim omnis totam. Et dignissimos quo quo ratione.',1,'2018-01-25 12:06:35','2018-01-25 12:06:35'),
(505,192,'Chelsey Sawayn','Veritatis libero dicta debitis molestiae exercitationem porro dolorum. Aut consequatur et dolore fugiat. Accusamus consequatur deserunt quo.',1,'2018-01-25 12:06:35','2018-01-25 12:06:35'),
(506,188,'Alisa Gibson I','Nam illo qui nam ut est. Reiciendis sint vel quaerat rerum. Praesentium quae commodi non exercitationem et quam. A aliquid qui aperiam non et. Vel sed quam in exercitationem sint.',5,'2018-01-25 12:06:35','2018-01-25 12:06:35'),
(507,182,'Michelle Torp','Aliquam neque alias consequatur ut quo aut quos. Possimus et aperiam placeat dolorum nihil. Autem laborum et omnis eaque dolorum. Quis earum dolor et voluptatibus inventore corporis.',1,'2018-01-25 12:06:35','2018-01-25 12:06:35'),
(508,192,'Abdiel Sanford','Soluta fugit praesentium id enim. Minus magni pariatur provident est repudiandae. Esse quidem tempora et quia rerum alias dolorum similique.',3,'2018-01-25 12:06:35','2018-01-25 12:06:35'),
(509,160,'Jennyfer Koelpin PhD','Tempora quasi aut deleniti dolores blanditiis reprehenderit qui. Saepe delectus repellendus eos quod. Vero dolorum sint animi. Nostrum sint distinctio aperiam ut quibusdam qui nesciunt.',1,'2018-01-25 12:06:35','2018-01-25 12:06:35'),
(510,179,'Felicity Medhurst','Rerum in beatae quibusdam explicabo. Blanditiis rerum et velit culpa consequuntur omnis molestiae. Nobis natus accusamus numquam qui repudiandae. Magni architecto itaque aliquam asperiores iusto.',0,'2018-01-25 12:06:35','2018-01-25 12:06:35'),
(511,154,'Toy Russel','Neque vitae laborum nihil dolorem aliquid. Sit recusandae voluptatem qui voluptas et consectetur a. Eius vel et omnis voluptatum et voluptas. Labore repellat inventore exercitationem aliquid. Cumque aut cum repellendus ea doloremque dignissimos.',5,'2018-01-25 12:06:35','2018-01-25 12:06:35'),
(512,155,'Rebekah Mohr','Aliquam voluptatem eveniet eum accusantium repellendus et. Sint suscipit dolore labore sed. Error inventore ratione ut voluptatibus praesentium ratione.',3,'2018-01-25 12:06:35','2018-01-25 12:06:35'),
(513,185,'Gage Skiles','Explicabo in est corrupti. Velit molestiae facilis ipsam veniam occaecati temporibus recusandae.',3,'2018-01-25 12:06:35','2018-01-25 12:06:35'),
(514,160,'Toney Kuhn','Deleniti vel tempora vel nisi mollitia ea voluptatem. Accusantium a repellendus minima mollitia tempora et expedita. Dolorum tempore ea magni praesentium voluptate. Voluptatem enim dolorem unde quisquam. Modi aspernatur a dolorem corrupti repellendus cum totam voluptas.',0,'2018-01-25 12:06:35','2018-01-25 12:06:35'),
(515,200,'Alena Hegmann','Excepturi corporis perferendis laboriosam inventore minus esse quo. Iusto assumenda molestiae magni sint facere aperiam. Tempore et et placeat unde.',4,'2018-01-25 12:06:35','2018-01-25 12:06:35'),
(516,173,'Meredith Tremblay','Aliquam dicta molestiae labore corrupti. Facilis dolore repellat rerum atque necessitatibus dolore. Eligendi necessitatibus aut rerum non ea enim ipsam dolore. Facere iste aut labore consequatur.',0,'2018-01-25 12:06:35','2018-01-25 12:06:35'),
(517,169,'Prof. Gordon Nitzsche','Et quod laborum ipsa optio. Sit veniam ut laborum nihil cum repellat eum dolorum. Ratione nihil veritatis optio odio. Qui molestias voluptatem itaque distinctio enim at.',3,'2018-01-25 12:06:35','2018-01-25 12:06:35'),
(518,199,'Miss Dominique Lubowitz IV','Maiores occaecati et ratione. Porro ab ducimus quidem quae nihil quia rerum quo.',3,'2018-01-25 12:06:35','2018-01-25 12:06:35'),
(519,195,'Vidal Schowalter','Velit quia soluta vel dolorum cumque ipsum. Maxime distinctio maxime laboriosam sunt ut ad. Sed voluptas quos repellendus molestiae. Quis incidunt reiciendis rerum accusantium modi.',0,'2018-01-25 12:06:36','2018-01-25 12:06:36'),
(520,154,'Chet Reichel','Et temporibus praesentium assumenda laudantium vitae enim. Deleniti sapiente similique esse ad temporibus. Fugit commodi rerum ex. Aut laudantium repellendus molestias harum neque.',5,'2018-01-25 12:06:36','2018-01-25 12:06:36'),
(521,154,'Jewel Grimes','Doloribus harum numquam et consequuntur id sit aut. Aliquid culpa facere doloremque laboriosam architecto et. Quas ex architecto ea officiis harum. Omnis commodi aut sit minus.',4,'2018-01-25 12:06:36','2018-01-25 12:06:36'),
(522,171,'Emelia Mante','Laborum nulla dolor qui laboriosam voluptas voluptas et. Illum deleniti rerum voluptatibus ea. Eaque fugit ut molestiae est in neque veniam.',1,'2018-01-25 12:06:36','2018-01-25 12:06:36'),
(523,174,'Hilbert Boehm','Molestiae occaecati quam sit est quae. Saepe tempore animi amet quasi nesciunt. Ipsa nostrum eaque ipsam est.',3,'2018-01-25 12:06:36','2018-01-25 12:06:36'),
(524,199,'Yazmin Christiansen','Ipsa est quo est est ut. Dolore sed sed ab quia. Qui ipsam cumque est nisi. Corporis saepe ipsa provident ad ullam commodi.',3,'2018-01-25 12:06:36','2018-01-25 12:06:36'),
(525,193,'Guillermo Willms','Placeat corporis atque aut eum eos ex. Voluptatem labore similique quos et et facilis mollitia commodi. Aut neque veniam quidem. Ut voluptatibus quo natus debitis mollitia ab.',5,'2018-01-25 12:06:36','2018-01-25 12:06:36'),
(526,179,'Moses Hilll','Ea qui libero perspiciatis voluptatibus optio voluptatem. Rerum ipsum est saepe molestiae deserunt eum quo. Voluptas dicta quam aperiam qui.',0,'2018-01-25 12:06:36','2018-01-25 12:06:36'),
(527,157,'Leonel Conroy','Sint est quae et omnis laboriosam quisquam. Et sapiente non rerum qui iure qui blanditiis. Voluptates maiores earum qui enim excepturi odio. Officiis est in earum expedita eius optio autem.',2,'2018-01-25 12:06:36','2018-01-25 12:06:36'),
(528,192,'Khalil Gleason','Omnis eaque nostrum eos at nihil distinctio et. Dolorem tempora ut aut iusto delectus sunt aut. Accusamus sit officiis nostrum ratione veritatis. Minus voluptatem ipsam vitae quis voluptatum dolorum. Magni recusandae recusandae temporibus excepturi.',5,'2018-01-25 12:06:36','2018-01-25 12:06:36'),
(529,171,'Chelsea Wintheiser','Numquam commodi incidunt iste enim et odit. Fugiat suscipit non laudantium quo repellat. Sequi tempora quo magni voluptate accusamus consectetur. Eum modi earum ea.',0,'2018-01-25 12:06:36','2018-01-25 12:06:36'),
(530,175,'Ms. Katlynn Davis','Deserunt modi consequuntur sit natus ea repellat laudantium. Reprehenderit quam sed explicabo. Est consectetur eum doloribus ad accusantium sed. Sed et minus unde unde blanditiis inventore.',5,'2018-01-25 12:06:36','2018-01-25 12:06:36'),
(531,186,'Rosalinda Swaniawski','Voluptas maxime temporibus aut quae ea. Exercitationem in expedita libero sint ex voluptas. Iusto et cumque est necessitatibus molestiae. Repudiandae dolorem fugiat ullam sunt dolor.',2,'2018-01-25 12:06:36','2018-01-25 12:06:36'),
(532,155,'Miss Kendra Beatty I','Nisi consequuntur doloribus non. Nesciunt rerum quod pariatur corporis non laboriosam ratione. Doloremque hic recusandae beatae earum nulla cupiditate.',5,'2018-01-25 12:06:36','2018-01-25 12:06:36'),
(533,184,'Prof. Zora Bradtke DVM','Qui molestiae numquam dignissimos rerum et est ea maiores. Dignissimos quasi voluptate quia rerum ipsum repellat. Doloremque deserunt sed quaerat deleniti et minima. Porro assumenda dolor vel.',2,'2018-01-25 12:06:36','2018-01-25 12:06:36'),
(534,188,'Lawrence Bode MD','Nihil doloremque temporibus nobis facilis consequatur odit consectetur. Sint corporis hic beatae dicta ipsa debitis. Recusandae voluptatem dolore voluptatem aut. Corrupti veniam voluptatem eum voluptatibus qui tenetur.',2,'2018-01-25 12:06:36','2018-01-25 12:06:36'),
(535,181,'Bruce Beatty','Odio beatae illo laudantium voluptatem non quae dolor tenetur. Fuga mollitia minus debitis ut enim perspiciatis expedita. Vel illum beatae voluptatibus error eveniet rerum qui.',0,'2018-01-25 12:06:36','2018-01-25 12:06:36'),
(536,196,'Lizeth Schmidt','Nostrum officia laudantium sed nostrum reiciendis. Quasi ut deserunt et fugiat est ipsam. Esse qui non et repellat officiis. Totam illum voluptatem dignissimos blanditiis.',2,'2018-01-25 12:06:36','2018-01-25 12:06:36'),
(537,158,'Prof. Osvaldo Mueller Sr.','Dolores qui sunt commodi nostrum sunt culpa vel. Omnis corrupti quisquam quos. Non nulla voluptates enim et tenetur natus. Est nulla et vel voluptates possimus doloremque dolorem.',4,'2018-01-25 12:06:37','2018-01-25 12:06:37'),
(538,191,'Brianne Nicolas','Suscipit hic dolor voluptatem excepturi quia voluptas nihil. Rerum pariatur sed distinctio unde. Voluptatem odit magni dolorum porro. Qui molestiae distinctio est velit et exercitationem. Laboriosam magni molestiae a ad ut expedita accusamus quidem.',0,'2018-01-25 12:06:37','2018-01-25 12:06:37'),
(539,191,'Trace Turcotte','Aut totam deserunt voluptatibus non. Doloribus sunt fuga doloribus consequatur nemo. Magnam est odio ipsa voluptas vitae. Ullam ut blanditiis maxime qui.',1,'2018-01-25 12:06:37','2018-01-25 12:06:37'),
(540,198,'Dr. Karl Brekke II','Magnam eum et harum ea dignissimos. Sint necessitatibus nesciunt aut. Nemo voluptas sapiente vel et. Architecto sit asperiores eos blanditiis.',5,'2018-01-25 12:06:37','2018-01-25 12:06:37'),
(541,158,'Angela Lakin Jr.','Aut dolorum expedita odio. Non eveniet est explicabo officiis quam est distinctio. Ut nulla placeat ab qui in consectetur.',1,'2018-01-25 12:06:37','2018-01-25 12:06:37'),
(542,178,'Johnpaul Fritsch','Reprehenderit eos rerum ut quis. Dolores saepe qui nulla consequatur voluptate et omnis placeat. Quisquam est rerum omnis. Qui vel in reiciendis culpa beatae sed possimus.',2,'2018-01-25 12:06:37','2018-01-25 12:06:37'),
(543,182,'Rosalia Lang','Magnam assumenda eaque nulla minima voluptatibus. Corporis dolor quia aliquid voluptatem sunt aut. Odio ipsum eveniet provident rerum et recusandae fugiat. Ut atque esse temporibus dolor.',1,'2018-01-25 12:06:37','2018-01-25 12:06:37'),
(544,188,'Nola Farrell','Dolore ullam eveniet ducimus voluptatem velit voluptas reiciendis. Et necessitatibus cum quia id enim ipsam animi rerum. Eum aut sit minima fugit.',5,'2018-01-25 12:06:37','2018-01-25 12:06:37'),
(545,176,'Perry McGlynn','Fuga tempora maiores nihil cumque quae cumque. Veniam possimus similique libero doloremque veniam. Inventore laudantium veniam suscipit impedit aut id eum labore. Quia odio enim totam ducimus quia reiciendis eum sed.',5,'2018-01-25 12:06:37','2018-01-25 12:06:37'),
(546,169,'Dr. Otha Bednar DVM','Quis eaque aliquam iusto ea. Tempore iure molestias aspernatur accusantium molestias dignissimos sequi. Rerum facere ut ipsa et enim voluptas.',4,'2018-01-25 12:06:37','2018-01-25 12:06:37'),
(547,199,'Graciela Parisian','Repellat accusantium rerum qui excepturi et. Quia maiores est ut ipsum. Enim quos voluptates harum explicabo unde. Rerum quis excepturi ipsa ut voluptatem eos mollitia nam.',3,'2018-01-25 12:06:37','2018-01-25 12:06:37'),
(548,190,'Trinity Feest','Aperiam assumenda iste inventore. Ut placeat sint culpa ea earum adipisci omnis. Vel consectetur aliquid velit ipsum impedit perferendis.',3,'2018-01-25 12:06:37','2018-01-25 12:06:37'),
(549,195,'Rosanna McCullough','Quam fuga et id itaque voluptatum eos. Officia iusto non est quibusdam et. Ad autem totam laudantium optio facilis qui.',2,'2018-01-25 12:06:37','2018-01-25 12:06:37'),
(550,176,'Stan Gorczany','Consectetur modi repudiandae a temporibus explicabo id. Voluptatem beatae suscipit dolores maiores accusamus aut. Nam magnam id voluptates. Et distinctio est reiciendis. Minima et sapiente et.',4,'2018-01-25 12:06:37','2018-01-25 12:06:37'),
(551,194,'Kaitlin Bednar','Eum et magni reprehenderit laborum at aperiam. Dolorem autem soluta voluptas natus. Quod saepe nemo optio unde facere et optio est. Sit fugit expedita excepturi ipsum consequatur.',3,'2018-01-25 12:06:37','2018-01-25 12:06:37'),
(552,191,'Mrs. Belle Emmerich','Et et inventore aut optio. Ratione molestias dolorem laborum voluptatem itaque. Cupiditate voluptatem sequi provident id vitae sed. Animi iste iusto aut voluptate sit.',3,'2018-01-25 12:06:37','2018-01-25 12:06:37'),
(553,187,'Gaetano Kilback','Ipsa omnis sit quod qui aut tenetur vitae. Et saepe ut commodi eum. Quibusdam aut distinctio tempore dolores similique fugiat repellat. Veritatis beatae possimus deleniti at. Sit eos id et et animi ducimus.',1,'2018-01-25 12:06:37','2018-01-25 12:06:37'),
(554,175,'Mr. Myrl Lemke','Et fugiat consectetur illum laudantium consequuntur et laudantium. Omnis sapiente omnis et et. Eum cupiditate aperiam sint repellat.',1,'2018-01-25 12:06:37','2018-01-25 12:06:37'),
(555,197,'Breana Gerhold','Maxime ducimus et sed. Et doloremque fugiat sit quisquam.',5,'2018-01-25 12:06:37','2018-01-25 12:06:37'),
(556,169,'Shaina Mann','Accusamus aut sit corrupti eaque. Placeat qui et aut atque est veritatis. Quidem voluptas quam tenetur ullam quae.',2,'2018-01-25 12:06:37','2018-01-25 12:06:37'),
(557,163,'Lucinda Miller','Beatae voluptatem modi neque necessitatibus velit deserunt. Repellat et nobis blanditiis harum eos quasi. Iste corporis iste qui. Nam architecto modi non voluptatem voluptas quibusdam.',1,'2018-01-25 12:06:37','2018-01-25 12:06:37'),
(558,199,'Prof. Steve Legros I','Voluptas voluptatem sunt minima corporis. Repellendus placeat necessitatibus cum quibusdam fugit. Et eius inventore molestiae sequi.',2,'2018-01-25 12:06:37','2018-01-25 12:06:37'),
(559,171,'Vernie Nader','Voluptas et officiis nam excepturi in. Omnis qui minima eveniet accusantium. Officia quo sed placeat architecto dolorum delectus. Perferendis corporis amet maiores quidem excepturi.',5,'2018-01-25 12:06:38','2018-01-25 12:06:38'),
(560,192,'Layne Mitchell','Qui ea ab et nihil. Omnis voluptas exercitationem fuga in iusto. Est esse nulla ut repellendus voluptatem nobis. Ullam ut aut aliquid.',4,'2018-01-25 12:06:38','2018-01-25 12:06:38'),
(561,189,'Hilma Homenick','Doloremque facere libero ea et. Id consequuntur repellat quidem animi delectus sint consequatur. Est blanditiis et quod quasi vero nihil veniam eum. Non enim asperiores in delectus ducimus.',1,'2018-01-25 12:06:38','2018-01-25 12:06:38'),
(562,182,'Bud Considine','Sed ut voluptas eos sit eveniet molestias magnam esse. Ut ut harum eveniet accusantium. Iusto est beatae sunt quidem et repellat reprehenderit odit. Dolores quia sunt at quae sunt architecto molestias tempora. Sequi et consequuntur omnis rerum consectetur.',4,'2018-01-25 12:06:38','2018-01-25 12:06:38'),
(563,200,'Ron Hirthe','Fuga laborum eaque aut ut vero. Consequatur et aperiam est blanditiis. Qui saepe dolores maxime sit eos quia.',4,'2018-01-25 12:06:38','2018-01-25 12:06:38'),
(564,175,'Dr. Mitchell McCullough Sr.','Dicta enim pariatur culpa aut repudiandae nostrum. Inventore ullam error vel impedit officiis. Libero eligendi est quo inventore nisi quas sit. Nihil impedit iure et nihil et et labore. Praesentium possimus beatae repudiandae aspernatur.',1,'2018-01-25 12:06:38','2018-01-25 12:06:38'),
(565,187,'Mrs. Bettie Buckridge','Explicabo itaque veritatis hic neque. Nostrum quae numquam esse aut autem placeat. Qui sit consectetur ea et atque sed ipsa.',0,'2018-01-25 12:06:38','2018-01-25 12:06:38'),
(566,182,'Jefferey Cummings','Dolores minima facere ipsa quibusdam velit fugit eveniet. Et optio atque doloremque inventore. Eius rem et temporibus voluptates. Nisi voluptates atque non omnis quo qui eius.',2,'2018-01-25 12:06:38','2018-01-25 12:06:38'),
(567,188,'Darion Bradtke','Qui cumque debitis error quod eligendi possimus aut. Distinctio quo reprehenderit velit quisquam magnam perspiciatis commodi odio. Nulla itaque nemo debitis iure quidem. Quidem qui voluptatibus velit perferendis ad dolorem voluptates aliquid.',4,'2018-01-25 12:06:38','2018-01-25 12:06:38'),
(568,175,'Trevor Collins Jr.','Omnis atque nisi cum et qui est et. Molestias omnis vitae itaque maiores. In ut ducimus voluptas ut maiores voluptatibus sapiente adipisci. Eos amet odit rerum.',4,'2018-01-25 12:06:38','2018-01-25 12:06:38'),
(569,197,'Aileen Reichel','Magnam et debitis maxime fuga rem facilis temporibus. Odio beatae nobis nobis ipsam alias fugit. Quis commodi quos alias nulla et voluptas. Consectetur eum adipisci sit quos ut eaque.',4,'2018-01-25 12:06:38','2018-01-25 12:06:38'),
(570,192,'Adah Bradtke','Sunt ut aut atque. Ipsa assumenda odit quasi quia ea dolorem id. Quam aut consequatur non aliquid autem ad voluptas. Labore velit iste quaerat voluptas nostrum quas officiis.',1,'2018-01-25 12:06:38','2018-01-25 12:06:38'),
(571,186,'Carrie Gutmann','Nisi iure qui nam voluptatibus sunt sequi. Qui totam architecto quas est aliquam.',3,'2018-01-25 12:06:38','2018-01-25 12:06:38'),
(572,156,'Miles Hegmann','Qui excepturi harum repellendus. Incidunt ut est error id aliquid et ea et. Veniam fuga velit odio. Impedit mollitia esse quas natus ipsa.',3,'2018-01-25 12:06:38','2018-01-25 12:06:38'),
(573,158,'Keenan Parisian','Consequuntur voluptas quia ea harum quidem animi. Veniam placeat ipsam qui. Architecto alias totam similique cum.',3,'2018-01-25 12:06:38','2018-01-25 12:06:38'),
(574,152,'Adalberto Mante','Et consequatur corrupti debitis incidunt. Ex ratione vitae dolores libero autem nobis impedit. Non quidem quibusdam ab natus quisquam doloribus.',1,'2018-01-25 12:06:38','2018-01-25 12:06:38'),
(575,154,'Zora Lehner','Ut eligendi maiores dolorem nihil voluptas debitis. Natus est aliquam consequatur neque quia sequi veritatis. Quia mollitia nisi ipsa mollitia.',2,'2018-01-25 12:06:38','2018-01-25 12:06:38'),
(576,186,'Dr. Aubrey Schinner','Ut aliquid impedit in unde nostrum impedit et. Non et repudiandae neque velit aut. Voluptas sunt qui laudantium laborum nesciunt fugit et tenetur.',0,'2018-01-25 12:06:38','2018-01-25 12:06:38'),
(577,163,'Deborah Borer','Repudiandae tenetur quidem quam voluptatem. Minus qui nihil laudantium eos numquam. Maiores ex id nihil a nisi hic a.',5,'2018-01-25 12:06:38','2018-01-25 12:06:38'),
(578,171,'Alexanne Oberbrunner','Nemo sed nihil facere explicabo exercitationem voluptatem aspernatur. Autem quia est sunt quo totam eligendi. Quisquam tempore pariatur deleniti. Eligendi et ea mollitia. Nesciunt odio fugiat consequatur possimus assumenda qui harum totam.',5,'2018-01-25 12:06:38','2018-01-25 12:06:38'),
(579,173,'Cheyenne Toy','Animi ratione accusantium qui itaque architecto. Nulla quas minima qui facilis aut nihil. Molestiae exercitationem saepe maxime dolorem. Consequatur autem reiciendis non autem molestias vel placeat unde. Nisi ut nihil in perferendis non quos et nemo.',0,'2018-01-25 12:06:38','2018-01-25 12:06:38'),
(580,168,'Prof. Liliane Hartmann Jr.','Ea occaecati totam a. Sed iure in quia. Rem dolorem beatae nulla nihil et est dolorem.',3,'2018-01-25 12:06:38','2018-01-25 12:06:38'),
(581,187,'Kristian Haley','Minima molestiae natus odio veritatis. Laudantium laboriosam exercitationem saepe modi excepturi. Consectetur consequatur veritatis ratione molestias. Aut beatae illo vero dolore ad voluptas vero nemo. Aut adipisci molestiae debitis et veniam asperiores rerum.',5,'2018-01-25 12:06:39','2018-01-25 12:06:39'),
(582,160,'Dandre O\'Connell PhD','Doloremque temporibus et dolores ab sunt ut. Dicta officia odit et corrupti. Rerum incidunt incidunt saepe quo voluptates et.',4,'2018-01-25 12:06:39','2018-01-25 12:06:39'),
(583,174,'Kaden Huel','In omnis tenetur suscipit qui. Hic vel non ea temporibus officiis quibusdam. Et dolorem hic nulla dolores adipisci ut in possimus. Dolor quia fugit est debitis quasi amet quia.',0,'2018-01-25 12:06:39','2018-01-25 12:06:39'),
(584,175,'Demario Dibbert','Occaecati veniam autem voluptates nisi eius velit dolorem sit. In neque velit beatae distinctio unde odit. Ut et quis in excepturi quia ex vel. Ipsa ex rerum rerum repudiandae ad iure.',0,'2018-01-25 12:06:39','2018-01-25 12:06:39'),
(585,165,'Mr. Roscoe Larkin PhD','Molestias sapiente id natus exercitationem omnis. Quia possimus molestias quia quia voluptas. Sit dolores sint ipsum ut excepturi.',1,'2018-01-25 12:06:39','2018-01-25 12:06:39'),
(586,157,'Ashleigh Davis','Ut vero temporibus maxime et numquam harum eum. Quibusdam qui et unde cumque aut facere eum. Voluptas quis aliquid quasi tenetur.',5,'2018-01-25 12:06:39','2018-01-25 12:06:39'),
(587,183,'Stan Hayes','Quidem et aut et facere eaque. Enim est voluptatibus fuga. Assumenda deleniti sint quo nulla et sequi qui.',5,'2018-01-25 12:06:39','2018-01-25 12:06:39'),
(588,184,'Adela O\'Reilly V','Similique cupiditate architecto doloremque reiciendis. Id omnis ab enim cum est sed omnis commodi. Et culpa ducimus expedita odit. Aspernatur reiciendis cumque omnis temporibus minima. Corrupti vitae architecto sed sed ex voluptatem deleniti.',3,'2018-01-25 12:06:39','2018-01-25 12:06:39'),
(589,156,'Brandt Dooley','Iste ab quisquam ut ut amet. Aut laboriosam consectetur voluptatem est doloribus qui. Et enim consequatur optio sed tempore.',1,'2018-01-25 12:06:39','2018-01-25 12:06:39'),
(590,179,'Adalberto Ziemann V','Quis iusto unde voluptatem fugit qui sapiente et ad. Assumenda et veniam voluptatem voluptatibus autem magni similique. Pariatur et et nisi commodi. Dolor aut consequatur explicabo iusto sunt aut.',2,'2018-01-25 12:06:39','2018-01-25 12:06:39'),
(591,182,'Dr. Margaretta Stroman','Officia culpa cupiditate et aspernatur minus est. Corporis molestias dolorem reiciendis molestiae dolor provident facere. Explicabo esse fuga vero natus. Veniam sequi eligendi iure qui veniam eum. Expedita voluptatem omnis ut veniam possimus.',5,'2018-01-25 12:06:39','2018-01-25 12:06:39'),
(592,168,'Dayana Gottlieb IV','Et quo reprehenderit qui sed quisquam. Ducimus facere veniam magnam qui sed. Doloremque cum dignissimos nemo. Repellat ipsum sed quibusdam aut.',3,'2018-01-25 12:06:39','2018-01-25 12:06:39'),
(593,193,'Grover Renner','Enim aliquid aut consequatur ut numquam et officia. Saepe commodi recusandae aliquid aliquam error rem est. Enim dolor tempora explicabo nihil eum ipsam iusto.',4,'2018-01-25 12:06:39','2018-01-25 12:06:39'),
(594,160,'Mr. Clifford Williamson Jr.','Quidem aut quasi autem qui distinctio sed libero. Accusantium maiores voluptas consectetur tempore cum cumque. Qui iure quia nobis quo. Impedit exercitationem a non. Laboriosam ut id voluptatem modi culpa nostrum.',5,'2018-01-25 12:06:39','2018-01-25 12:06:39'),
(595,162,'Maci Bogisich','Sit cumque voluptates voluptatem eligendi omnis. Consequatur possimus adipisci ipsum praesentium pariatur. Sequi id sit reiciendis tenetur.',1,'2018-01-25 12:06:39','2018-01-25 12:06:39'),
(596,165,'Prof. Lavinia Mills III','Est error alias nam ut earum sapiente omnis. Sunt nisi omnis accusantium sed eum deserunt vel amet.',4,'2018-01-25 12:06:39','2018-01-25 12:06:39'),
(597,161,'Sigrid Conroy DDS','Labore atque odit in dicta et adipisci laboriosam aut. Consequatur dolores vitae nemo dolores cumque. Harum et sit est eaque quaerat reprehenderit alias. Sed ut iure magni deserunt numquam. Et aut libero est autem voluptatum debitis eius.',0,'2018-01-25 12:06:39','2018-01-25 12:06:39'),
(598,187,'Prof. Juliet Huels','Ex maxime blanditiis magnam numquam esse inventore. Saepe nihil expedita ducimus commodi qui deserunt. Blanditiis sint earum molestiae vero mollitia sequi id.',2,'2018-01-25 12:06:39','2018-01-25 12:06:39'),
(599,172,'Mrs. Rhoda Will','Ut occaecati ab et dolore voluptatem accusantium praesentium. Est saepe assumenda porro rem natus non non. Beatae assumenda ipsa vel. Cum quisquam tenetur excepturi molestiae unde.',4,'2018-01-25 12:06:39','2018-01-25 12:06:39'),
(600,195,'Taurean Welch','Mollitia sit ea nulla quisquam suscipit magnam. Rerum quia quis sint. Saepe officia doloremque nesciunt eligendi voluptas sunt.',1,'2018-01-25 12:06:39','2018-01-25 12:06:39');

/*Table structure for table `users` */

DROP TABLE IF EXISTS `users`;

CREATE TABLE `users` (
  `id` int(10) unsigned NOT NULL AUTO_INCREMENT,
  `name` varchar(255) COLLATE utf8mb4_unicode_ci NOT NULL,
  `email` varchar(255) COLLATE utf8mb4_unicode_ci NOT NULL,
  `password` varchar(255) COLLATE utf8mb4_unicode_ci NOT NULL,
  `remember_token` varchar(100) COLLATE utf8mb4_unicode_ci DEFAULT NULL,
  `created_at` timestamp NULL DEFAULT NULL,
  `updated_at` timestamp NULL DEFAULT NULL,
  PRIMARY KEY (`id`),
  UNIQUE KEY `users_email_unique` (`email`)
) ENGINE=InnoDB DEFAULT CHARSET=utf8mb4 COLLATE=utf8mb4_unicode_ci;

/*Data for the table `users` */

/*!40101 SET SQL_MODE=@OLD_SQL_MODE */;
/*!40014 SET FOREIGN_KEY_CHECKS=@OLD_FOREIGN_KEY_CHECKS */;
/*!40014 SET UNIQUE_CHECKS=@OLD_UNIQUE_CHECKS */;
/*!40111 SET SQL_NOTES=@OLD_SQL_NOTES */;
