/*
SQLyog Professional v12.4.1 (64 bit)
MySQL - 5.7.20-0ubuntu0.16.04.1 : Database - eapi
*********************************************************************
*/

/*!40101 SET NAMES utf8 */;

/*!40101 SET SQL_MODE=''*/;

/*!40014 SET @OLD_UNIQUE_CHECKS=@@UNIQUE_CHECKS, UNIQUE_CHECKS=0 */;
/*!40014 SET @OLD_FOREIGN_KEY_CHECKS=@@FOREIGN_KEY_CHECKS, FOREIGN_KEY_CHECKS=0 */;
/*!40101 SET @OLD_SQL_MODE=@@SQL_MODE, SQL_MODE='NO_AUTO_VALUE_ON_ZERO' */;
/*!40111 SET @OLD_SQL_NOTES=@@SQL_NOTES, SQL_NOTES=0 */;
CREATE DATABASE /*!32312 IF NOT EXISTS*/`eapi` /*!40100 DEFAULT CHARACTER SET utf8 */;

USE `eapi`;

/*Table structure for table `migrations` */

DROP TABLE IF EXISTS `migrations`;

CREATE TABLE `migrations` (
  `id` int(10) unsigned NOT NULL AUTO_INCREMENT,
  `migration` varchar(255) COLLATE utf8mb4_unicode_ci NOT NULL,
  `batch` int(11) NOT NULL,
  PRIMARY KEY (`id`)
) ENGINE=InnoDB AUTO_INCREMENT=19 DEFAULT CHARSET=utf8mb4 COLLATE=utf8mb4_unicode_ci;

/*Data for the table `migrations` */

insert  into `migrations`(`id`,`migration`,`batch`) values 
(10,'2014_10_12_000000_create_users_table',1),
(11,'2014_10_12_100000_create_password_resets_table',1),
(12,'2016_06_01_000001_create_oauth_auth_codes_table',1),
(13,'2016_06_01_000002_create_oauth_access_tokens_table',1),
(14,'2016_06_01_000003_create_oauth_refresh_tokens_table',1),
(15,'2016_06_01_000004_create_oauth_clients_table',1),
(16,'2016_06_01_000005_create_oauth_personal_access_clients_table',1),
(17,'2018_01_25_104250_create_products_table',1),
(18,'2018_01_25_104304_create_reviews_table',1);

/*Table structure for table `oauth_access_tokens` */

DROP TABLE IF EXISTS `oauth_access_tokens`;

CREATE TABLE `oauth_access_tokens` (
  `id` varchar(100) COLLATE utf8mb4_unicode_ci NOT NULL,
  `user_id` int(11) DEFAULT NULL,
  `client_id` int(11) NOT NULL,
  `name` varchar(255) COLLATE utf8mb4_unicode_ci DEFAULT NULL,
  `scopes` text COLLATE utf8mb4_unicode_ci,
  `revoked` tinyint(1) NOT NULL,
  `created_at` timestamp NULL DEFAULT NULL,
  `updated_at` timestamp NULL DEFAULT NULL,
  `expires_at` datetime DEFAULT NULL,
  PRIMARY KEY (`id`),
  KEY `oauth_access_tokens_user_id_index` (`user_id`)
) ENGINE=InnoDB DEFAULT CHARSET=utf8mb4 COLLATE=utf8mb4_unicode_ci;

/*Data for the table `oauth_access_tokens` */

insert  into `oauth_access_tokens`(`id`,`user_id`,`client_id`,`name`,`scopes`,`revoked`,`created_at`,`updated_at`,`expires_at`) values 
('5efdc4142c7b8bc3e8e81f94c7f5a98908de2e946968c2f3268baeb574d7b6cbcfa7a39d3bc9558e',5,2,NULL,'[]',0,'2018-01-26 10:53:43','2018-01-26 10:53:43','2019-01-26 10:53:43');

/*Table structure for table `oauth_auth_codes` */

DROP TABLE IF EXISTS `oauth_auth_codes`;

CREATE TABLE `oauth_auth_codes` (
  `id` varchar(100) COLLATE utf8mb4_unicode_ci NOT NULL,
  `user_id` int(11) NOT NULL,
  `client_id` int(11) NOT NULL,
  `scopes` text COLLATE utf8mb4_unicode_ci,
  `revoked` tinyint(1) NOT NULL,
  `expires_at` datetime DEFAULT NULL,
  PRIMARY KEY (`id`)
) ENGINE=InnoDB DEFAULT CHARSET=utf8mb4 COLLATE=utf8mb4_unicode_ci;

/*Data for the table `oauth_auth_codes` */

/*Table structure for table `oauth_clients` */

DROP TABLE IF EXISTS `oauth_clients`;

CREATE TABLE `oauth_clients` (
  `id` int(10) unsigned NOT NULL AUTO_INCREMENT,
  `user_id` int(11) DEFAULT NULL,
  `name` varchar(255) COLLATE utf8mb4_unicode_ci NOT NULL,
  `secret` varchar(100) COLLATE utf8mb4_unicode_ci NOT NULL,
  `redirect` text COLLATE utf8mb4_unicode_ci NOT NULL,
  `personal_access_client` tinyint(1) NOT NULL,
  `password_client` tinyint(1) NOT NULL,
  `revoked` tinyint(1) NOT NULL,
  `created_at` timestamp NULL DEFAULT NULL,
  `updated_at` timestamp NULL DEFAULT NULL,
  PRIMARY KEY (`id`),
  KEY `oauth_clients_user_id_index` (`user_id`)
) ENGINE=InnoDB AUTO_INCREMENT=3 DEFAULT CHARSET=utf8mb4 COLLATE=utf8mb4_unicode_ci;

/*Data for the table `oauth_clients` */

insert  into `oauth_clients`(`id`,`user_id`,`name`,`secret`,`redirect`,`personal_access_client`,`password_client`,`revoked`,`created_at`,`updated_at`) values 
(1,NULL,'Laravel Personal Access Client','4Ry45IAb21jPo5r9HJBiiX0ruqsf3Z6ngaXB9eDb','http://localhost',1,0,0,'2018-01-26 10:49:13','2018-01-26 10:49:13'),
(2,NULL,'Laravel Password Grant Client','9GxT5VFf6nXsLg0wER5g8OtfG3BXw5F9nKH5vHOI','http://localhost',0,1,0,'2018-01-26 10:49:13','2018-01-26 10:49:13');

/*Table structure for table `oauth_personal_access_clients` */

DROP TABLE IF EXISTS `oauth_personal_access_clients`;

CREATE TABLE `oauth_personal_access_clients` (
  `id` int(10) unsigned NOT NULL AUTO_INCREMENT,
  `client_id` int(11) NOT NULL,
  `created_at` timestamp NULL DEFAULT NULL,
  `updated_at` timestamp NULL DEFAULT NULL,
  PRIMARY KEY (`id`),
  KEY `oauth_personal_access_clients_client_id_index` (`client_id`)
) ENGINE=InnoDB AUTO_INCREMENT=2 DEFAULT CHARSET=utf8mb4 COLLATE=utf8mb4_unicode_ci;

/*Data for the table `oauth_personal_access_clients` */

insert  into `oauth_personal_access_clients`(`id`,`client_id`,`created_at`,`updated_at`) values 
(1,1,'2018-01-26 10:49:13','2018-01-26 10:49:13');

/*Table structure for table `oauth_refresh_tokens` */

DROP TABLE IF EXISTS `oauth_refresh_tokens`;

CREATE TABLE `oauth_refresh_tokens` (
  `id` varchar(100) COLLATE utf8mb4_unicode_ci NOT NULL,
  `access_token_id` varchar(100) COLLATE utf8mb4_unicode_ci NOT NULL,
  `revoked` tinyint(1) NOT NULL,
  `expires_at` datetime DEFAULT NULL,
  PRIMARY KEY (`id`),
  KEY `oauth_refresh_tokens_access_token_id_index` (`access_token_id`)
) ENGINE=InnoDB DEFAULT CHARSET=utf8mb4 COLLATE=utf8mb4_unicode_ci;

/*Data for the table `oauth_refresh_tokens` */

insert  into `oauth_refresh_tokens`(`id`,`access_token_id`,`revoked`,`expires_at`) values 
('90b6220e5452226dee4571a2f10d1b11f8839aa66e6eb8ec52385228da8ac6002f7714c8764a3a7b','5efdc4142c7b8bc3e8e81f94c7f5a98908de2e946968c2f3268baeb574d7b6cbcfa7a39d3bc9558e',0,'2019-01-26 10:53:43');

/*Table structure for table `password_resets` */

DROP TABLE IF EXISTS `password_resets`;

CREATE TABLE `password_resets` (
  `email` varchar(255) COLLATE utf8mb4_unicode_ci NOT NULL,
  `token` varchar(255) COLLATE utf8mb4_unicode_ci NOT NULL,
  `created_at` timestamp NULL DEFAULT NULL,
  KEY `password_resets_email_index` (`email`)
) ENGINE=InnoDB DEFAULT CHARSET=utf8mb4 COLLATE=utf8mb4_unicode_ci;

/*Data for the table `password_resets` */

/*Table structure for table `products` */

DROP TABLE IF EXISTS `products`;

CREATE TABLE `products` (
  `id` int(10) unsigned NOT NULL AUTO_INCREMENT,
  `name` varchar(255) COLLATE utf8mb4_unicode_ci NOT NULL,
  `detail` text COLLATE utf8mb4_unicode_ci NOT NULL,
  `price` int(11) NOT NULL,
  `stock` int(11) NOT NULL,
  `discount` int(11) NOT NULL,
  `user_id` int(10) unsigned NOT NULL,
  `created_at` timestamp NULL DEFAULT NULL,
  `updated_at` timestamp NULL DEFAULT NULL,
  PRIMARY KEY (`id`),
  KEY `products_user_id_index` (`user_id`)
) ENGINE=InnoDB AUTO_INCREMENT=51 DEFAULT CHARSET=utf8mb4 COLLATE=utf8mb4_unicode_ci;

/*Data for the table `products` */

insert  into `products`(`id`,`name`,`detail`,`price`,`stock`,`discount`,`user_id`,`created_at`,`updated_at`) values 
(1,'aut','The best ever phone with wireles charging updated',496,8,29,5,'2018-01-26 10:40:41','2018-01-26 10:58:03'),
(2,'nisi','Iure possimus cumque qui ut deserunt. Recusandae sit omnis fugit unde saepe. Nam sequi molestiae dolor. Omnis ut non qui dolores.',933,2,27,3,'2018-01-26 10:40:41','2018-01-26 10:40:41'),
(3,'rerum','Id voluptatem cum qui. Et voluptatem vitae quibusdam impedit. Vero repudiandae expedita id numquam amet sit rem.',570,0,18,5,'2018-01-26 10:40:41','2018-01-26 10:40:41'),
(4,'excepturi','Vel et at accusamus quo in molestiae. Vel voluptatem optio voluptatibus debitis. Error cum eum corrupti accusamus. Vero quod quo est illum. Officia ut minima laudantium quia.',628,8,30,3,'2018-01-26 10:40:41','2018-01-26 10:40:41'),
(5,'quia','Sit perferendis voluptate rem. Nulla iusto et expedita excepturi maxime sapiente. Inventore necessitatibus ea ipsa optio est. Dicta in veniam quas.',261,2,24,4,'2018-01-26 10:40:41','2018-01-26 10:40:41'),
(6,'ab','Nemo facere praesentium libero vel hic quia quasi. Ullam dignissimos dolorem ipsum sed earum cupiditate dolor. Itaque libero facilis nihil culpa odio voluptatem consectetur. Ullam illo autem molestias explicabo.',234,8,23,2,'2018-01-26 10:40:41','2018-01-26 10:40:41'),
(7,'ullam','Culpa quidem quia enim qui. Praesentium illo ipsum earum atque nihil vero. Adipisci aut recusandae et et quis.',636,0,18,4,'2018-01-26 10:40:41','2018-01-26 10:40:41'),
(8,'reiciendis','Est consequuntur quisquam nemo aut dolor unde. Aspernatur qui labore corporis eum. Consectetur consequatur omnis est eaque et et.',500,7,5,4,'2018-01-26 10:40:41','2018-01-26 10:40:41'),
(9,'mollitia','Ut et dolor aliquam provident doloremque consequatur quia sapiente. Aliquam dolorem voluptatem est aut quae unde. Explicabo adipisci veritatis molestiae expedita. Quas illum mollitia aut suscipit ea non atque.',731,1,13,3,'2018-01-26 10:40:42','2018-01-26 10:40:42'),
(10,'deserunt','Vel quasi ea tempora quasi est eius aut. Et quaerat eum voluptatibus iure aut.',258,1,30,1,'2018-01-26 10:40:42','2018-01-26 10:40:42'),
(11,'officiis','Qui occaecati repudiandae repellendus aut deserunt repudiandae ab. Est aliquam dignissimos qui reprehenderit suscipit ad. Repellendus asperiores rerum non qui nobis.',936,0,18,4,'2018-01-26 10:40:42','2018-01-26 10:40:42'),
(12,'mollitia','In repellat atque totam dolorum rerum accusamus saepe. Architecto consectetur impedit sit saepe eum. Neque suscipit fugit doloribus sed provident ut recusandae.',162,6,10,2,'2018-01-26 10:40:42','2018-01-26 10:40:42'),
(13,'expedita','Magnam nemo aliquam veritatis maxime. Eos quia sunt voluptatem consectetur. Sed saepe a iure perspiciatis voluptate laborum qui.',750,4,8,4,'2018-01-26 10:40:42','2018-01-26 10:40:42'),
(14,'repellendus','Sit architecto facilis voluptatem. Voluptatem quia et cupiditate fugit deleniti.',277,5,13,4,'2018-01-26 10:40:42','2018-01-26 10:40:42'),
(15,'enim','Rerum officiis vitae voluptatem quod deleniti vero. Voluptates tempora ducimus excepturi vel. Aperiam aliquid autem quia sunt distinctio rem. Ut voluptatem id nisi eligendi qui maxime ut. Nihil omnis laudantium impedit unde culpa dolores.',796,2,21,5,'2018-01-26 10:40:42','2018-01-26 10:40:42'),
(16,'odit','Quas maxime perspiciatis et fugit numquam corporis. Qui ea est voluptas dolorum est facere dolores. Provident possimus sed et libero est veritatis labore.',356,1,8,2,'2018-01-26 10:40:42','2018-01-26 10:40:42'),
(17,'est','Eum quisquam ut ut iste laborum. Ad nesciunt repellendus eaque quia. Perferendis vitae molestias at.',611,8,30,5,'2018-01-26 10:40:42','2018-01-26 10:40:42'),
(18,'magnam','Esse repellendus voluptas quisquam rerum recusandae sed. Et laboriosam quisquam sit quae non est. Nisi voluptatem minus quod laboriosam dolores. Consequatur voluptatem animi ut in sed velit cum. Mollitia nostrum quam et aut quisquam.',439,0,27,5,'2018-01-26 10:40:42','2018-01-26 10:40:42'),
(19,'praesentium','Fugit quia accusamus quibusdam voluptas. Veniam facere nostrum vero omnis corrupti. Quasi sed ab perferendis itaque aperiam et. Amet incidunt et quia.',947,7,30,5,'2018-01-26 10:40:42','2018-01-26 10:40:42'),
(20,'unde','Architecto facere modi ullam voluptatem officiis accusantium earum. Omnis earum aperiam rerum sed dolor excepturi. Expedita exercitationem enim nisi quo eos. Velit explicabo ex nostrum voluptatem quae vitae optio.',332,7,12,3,'2018-01-26 10:40:42','2018-01-26 10:40:42'),
(21,'velit','Rem accusamus recusandae praesentium omnis id nostrum corrupti itaque. Saepe explicabo et soluta quaerat nesciunt. Fuga asperiores rerum nam commodi culpa numquam praesentium eligendi.',694,1,11,2,'2018-01-26 10:40:42','2018-01-26 10:40:42'),
(22,'doloribus','Autem itaque aliquid voluptas molestiae. Est esse omnis aut et maxime ut non assumenda. Iusto est sit soluta aut. Et aut quod dolorem omnis mollitia.',931,9,8,2,'2018-01-26 10:40:42','2018-01-26 10:40:42'),
(23,'quisquam','Qui soluta commodi eligendi minima at dignissimos et laborum. Perferendis quidem eaque et voluptas sit. Voluptatem possimus cum similique enim possimus sapiente est nemo.',986,0,2,4,'2018-01-26 10:40:42','2018-01-26 10:40:42'),
(24,'neque','Ipsum sit totam consequuntur modi cum rem commodi. Sapiente dolorem consequatur dolorem autem. Magni quia nostrum et id necessitatibus assumenda sit eius. Magnam veniam voluptatem modi quam enim animi fugiat corrupti.',120,4,28,5,'2018-01-26 10:40:42','2018-01-26 10:40:42'),
(25,'sequi','Incidunt nostrum officiis velit architecto. Perspiciatis qui fugit incidunt impedit aspernatur recusandae. Perspiciatis assumenda id dolor ut pariatur animi maxime.',779,9,18,2,'2018-01-26 10:40:42','2018-01-26 10:40:42'),
(26,'neque','Doloremque et quae et qui. Aut expedita libero sunt excepturi nihil. Eum suscipit non et ea enim recusandae fugiat doloremque. Magni sint ullam aut eligendi in ad.',371,7,10,1,'2018-01-26 10:40:42','2018-01-26 10:40:42'),
(27,'sit','Voluptatem est veritatis dolores quis architecto et quidem. Eum sit velit et voluptatem eius occaecati blanditiis nesciunt. Velit ea aut debitis perferendis velit molestias autem.',643,2,14,3,'2018-01-26 10:40:42','2018-01-26 10:40:42'),
(28,'ut','Ut dicta dolores facere inventore illo. Architecto voluptatibus cumque nam maiores est nobis sequi. Eius iure hic voluptatem sit eveniet id. Sint eveniet minima in deserunt aut unde ut dolorum.',859,6,2,2,'2018-01-26 10:40:42','2018-01-26 10:40:42'),
(29,'deleniti','Consequatur dolores aperiam nostrum inventore aut modi. Fugiat natus deleniti accusantium doloremque praesentium incidunt et. Fuga non architecto dolores. Est itaque molestiae aut dolorum deleniti. Aut enim ad eos et.',974,1,21,2,'2018-01-26 10:40:42','2018-01-26 10:40:42'),
(30,'est','Consectetur sint voluptas quibusdam facere totam. Fugiat eos voluptas odit ut reiciendis. Et aliquam et accusantium et dolorem atque id. Id eum eaque nihil non.',230,7,25,3,'2018-01-26 10:40:42','2018-01-26 10:40:42'),
(31,'laboriosam','Et sit iure minima iure. Nihil expedita architecto est. Sequi possimus officia mollitia omnis. Neque expedita inventore odit in.',488,6,7,3,'2018-01-26 10:40:42','2018-01-26 10:40:42'),
(32,'nemo','Est iusto aut quasi. Magnam ad et reiciendis dolores accusantium quisquam.',486,9,25,5,'2018-01-26 10:40:42','2018-01-26 10:40:42'),
(33,'ducimus','Molestiae ut dolorem tempore error itaque error. Ut atque eos sint sed. Placeat qui voluptatem labore quos sit dolorem incidunt voluptatem. Ea quod sed voluptatum necessitatibus aut atque.',974,0,12,1,'2018-01-26 10:40:42','2018-01-26 10:40:42'),
(34,'deserunt','Ut dolor aut neque et ea ipsam. Nisi magni natus quis doloremque quia recusandae accusamus consectetur. Ea eius enim sed aperiam. Laborum dignissimos quis delectus maiores.',344,5,14,2,'2018-01-26 10:40:42','2018-01-26 10:40:42'),
(35,'rem','Veniam eveniet quo voluptatibus qui nobis. Distinctio quae tempora quisquam quasi officiis voluptatum minima facere. Tenetur voluptas assumenda officia deleniti repellat atque nihil.',836,2,20,4,'2018-01-26 10:40:43','2018-01-26 10:40:43'),
(36,'quasi','Harum ipsa ut ea recusandae iusto et. Nulla omnis voluptas cupiditate incidunt aut voluptate quam. Est sequi velit ab blanditiis.',162,6,7,2,'2018-01-26 10:40:43','2018-01-26 10:40:43'),
(37,'et','Ut itaque voluptatem blanditiis id enim. Iste mollitia est distinctio omnis ea vel vel. Tenetur ab aut sapiente libero maiores. Laboriosam est maiores quidem ad sint saepe dolor.',113,1,3,5,'2018-01-26 10:40:43','2018-01-26 10:40:43'),
(38,'est','Est ratione neque maiores ut dolorem. Cumque nesciunt quo sit aliquid tenetur id.',767,8,20,3,'2018-01-26 10:40:43','2018-01-26 10:40:43'),
(39,'dignissimos','Ipsam cumque reprehenderit iste cum. Sint minima qui eum eos et. Similique qui non aspernatur possimus et consequatur enim.',824,1,16,5,'2018-01-26 10:40:43','2018-01-26 10:40:43'),
(40,'et','Aperiam nihil et nisi iure eaque consectetur rem. Et eos cumque quo ut est aut labore. Dolorem similique in et. Quis qui deleniti sit aperiam vitae.',243,7,22,5,'2018-01-26 10:40:43','2018-01-26 10:40:43'),
(41,'non','Reprehenderit voluptatibus necessitatibus qui dignissimos beatae numquam magnam repellendus. Non incidunt vitae et facere dolores voluptatem autem.',780,3,17,5,'2018-01-26 10:40:43','2018-01-26 10:40:43'),
(42,'doloribus','Voluptatum possimus mollitia ex inventore dolor. In minus reiciendis rerum sit voluptas debitis tempore. Assumenda rerum ut rerum. Voluptas accusantium et illum et nihil quo tempora.',694,0,18,3,'2018-01-26 10:40:43','2018-01-26 10:40:43'),
(43,'doloribus','Amet qui dolores consequatur voluptatibus qui laboriosam. Dolorum dignissimos culpa ut eaque quo. Voluptatum et veniam corporis aut sit eos. Commodi et soluta soluta quae.',271,3,19,4,'2018-01-26 10:40:43','2018-01-26 10:40:43'),
(44,'consequatur','Autem voluptatem voluptatem ducimus aliquid consequatur qui id. Voluptate molestiae sit quia amet accusamus. Excepturi aut qui dolor debitis et.',806,1,29,5,'2018-01-26 10:40:43','2018-01-26 10:40:43'),
(45,'commodi','Neque suscipit libero voluptate ut. Culpa voluptate dicta autem. Et excepturi molestiae molestias porro est veniam non.',605,3,9,4,'2018-01-26 10:40:43','2018-01-26 10:40:43'),
(46,'accusantium','Aut occaecati qui perferendis quis. Nostrum rerum cumque error necessitatibus quas in consectetur deleniti. Nisi omnis quo enim commodi quia officia aut.',184,9,12,5,'2018-01-26 10:40:43','2018-01-26 10:40:43'),
(47,'aut','Quaerat consequatur quaerat commodi ut. Et velit ipsam repellendus quas molestias odio. Labore id occaecati facere quia nam.',419,0,23,4,'2018-01-26 10:40:43','2018-01-26 10:40:43'),
(48,'dolorem','Deleniti deserunt enim quo fugiat corrupti saepe est. Occaecati ut similique qui eum ex. Sit et occaecati minus fugiat vel aliquam quisquam. Tempora dolor qui qui dolorum velit dolorem.',226,9,18,1,'2018-01-26 10:40:43','2018-01-26 10:40:43'),
(49,'aut','Et velit corrupti voluptate ea autem rerum. Debitis sit nulla iste ut. Sed aut quis debitis libero.',441,0,17,4,'2018-01-26 10:40:43','2018-01-26 10:40:43'),
(50,'sed','Delectus est explicabo consectetur modi natus ullam temporibus. Qui voluptates et velit fugit sint occaecati. Aut voluptatem impedit ut beatae et et cupiditate. In fugit consequatur eos voluptatem sit qui sed.',257,4,23,2,'2018-01-26 10:40:43','2018-01-26 10:40:43');

/*Table structure for table `reviews` */

DROP TABLE IF EXISTS `reviews`;

CREATE TABLE `reviews` (
  `id` int(10) unsigned NOT NULL AUTO_INCREMENT,
  `product_id` int(10) unsigned NOT NULL,
  `customer` varchar(255) COLLATE utf8mb4_unicode_ci NOT NULL,
  `review` text COLLATE utf8mb4_unicode_ci NOT NULL,
  `star` int(11) NOT NULL,
  `created_at` timestamp NULL DEFAULT NULL,
  `updated_at` timestamp NULL DEFAULT NULL,
  PRIMARY KEY (`id`),
  KEY `reviews_product_id_index` (`product_id`),
  CONSTRAINT `reviews_product_id_foreign` FOREIGN KEY (`product_id`) REFERENCES `products` (`id`) ON DELETE CASCADE
) ENGINE=InnoDB AUTO_INCREMENT=301 DEFAULT CHARSET=utf8mb4 COLLATE=utf8mb4_unicode_ci;

/*Data for the table `reviews` */

insert  into `reviews`(`id`,`product_id`,`customer`,`review`,`star`,`created_at`,`updated_at`) values 
(1,20,'Dr. Sasha Lowe PhD','Enim consectetur qui qui vero blanditiis dolores. Amet voluptatem porro nam enim. In sunt dolorem reiciendis laudantium. Animi explicabo ex in voluptatem in dolorem optio commodi.',0,'2018-01-26 10:40:44','2018-01-26 10:40:44'),
(2,17,'Mr. Robert Powlowski DVM','Vitae qui sed similique quia. Aut est facilis est quae rem non corporis. Praesentium maiores voluptas maiores magni in laborum sed sed. Nostrum ratione non animi aut alias aliquam amet.',3,'2018-01-26 10:40:44','2018-01-26 10:40:44'),
(3,26,'Mr. Bradley Durgan MD','Qui ex iusto amet consequatur modi provident distinctio. Sint voluptatem explicabo dolorum eligendi mollitia.',2,'2018-01-26 10:40:44','2018-01-26 10:40:44'),
(4,28,'Prof. Darryl Pfeffer','Qui blanditiis et aliquam voluptatum. Illum distinctio omnis voluptatibus debitis labore. Consequatur molestiae est eligendi repellendus vero.',5,'2018-01-26 10:40:44','2018-01-26 10:40:44'),
(5,22,'Ila Schaden','Ratione ad distinctio ipsum nobis optio magni. Dignissimos omnis quia est et necessitatibus eum assumenda accusantium. Quae qui doloremque accusamus fugit dicta nostrum.',1,'2018-01-26 10:40:44','2018-01-26 10:40:44'),
(6,31,'Emmet Gutkowski','Est qui tenetur accusantium. Natus aperiam vero dolorem temporibus libero voluptatem. Vero aut commodi aut iste delectus. Illum sed quaerat quo laborum et est et.',0,'2018-01-26 10:40:44','2018-01-26 10:40:44'),
(7,30,'Adrain Steuber','In doloremque rerum quaerat et neque asperiores architecto possimus. Veniam fugiat possimus quidem natus ab eum. Consequatur ut omnis possimus placeat animi.',1,'2018-01-26 10:40:44','2018-01-26 10:40:44'),
(8,48,'Bella Barton','Nihil voluptatem quasi ut esse magni distinctio quaerat. Aut ipsum ex temporibus quis magnam. Reprehenderit temporibus iure quibusdam quia et. Cumque qui veritatis id velit voluptatem magni explicabo. Quaerat aliquam animi unde voluptatum pariatur ducimus quo alias.',3,'2018-01-26 10:40:44','2018-01-26 10:40:44'),
(9,24,'Prof. Judah Wisoky IV','Necessitatibus ullam ut id perspiciatis voluptas voluptatem. Incidunt hic qui animi est fugit soluta consequatur vero. Dolores aspernatur quia ipsa.',3,'2018-01-26 10:40:44','2018-01-26 10:40:44'),
(10,32,'Keara Kuvalis','Ratione laboriosam ipsam nesciunt nihil voluptatibus odit qui. Est eos sapiente voluptatem ratione et. Vero dolor ea quasi numquam maiores. Recusandae rerum dolorem deleniti non dignissimos dolorum qui fuga.',1,'2018-01-26 10:40:45','2018-01-26 10:40:45'),
(11,12,'Marianne Kassulke','Ducimus asperiores tempore voluptate pariatur modi. Asperiores aut necessitatibus fugiat consequatur explicabo. Rem ipsam molestiae reiciendis accusantium nihil asperiores odio. Minus aliquam et accusamus.',0,'2018-01-26 10:40:45','2018-01-26 10:40:45'),
(12,6,'Julien Heaney I','Ut est consequatur molestiae laboriosam maxime quia cupiditate. Illum eaque doloribus reiciendis labore soluta repudiandae. Perspiciatis soluta asperiores quidem rerum. Et nisi natus consequatur et libero.',1,'2018-01-26 10:40:45','2018-01-26 10:40:45'),
(13,47,'Gabe Cole','Quia voluptas vel nesciunt corrupti dolore hic. Et voluptatibus dolorum optio quod magni.',4,'2018-01-26 10:40:45','2018-01-26 10:40:45'),
(14,34,'Prof. Merlin Blick IV','Doloribus vero quae officiis. Expedita ipsa accusantium consequatur rerum asperiores. Ut et excepturi odio suscipit temporibus itaque at sunt.',5,'2018-01-26 10:40:45','2018-01-26 10:40:45'),
(15,32,'Mrs. Julia Haag MD','Aut omnis voluptas quasi architecto rerum ea. Sed soluta earum atque dolorum. Ut laborum nihil qui architecto. Id odit qui iste provident et qui.',4,'2018-01-26 10:40:45','2018-01-26 10:40:45'),
(16,40,'Lavinia Stamm','Sapiente et in nesciunt et quam aut est atque. Animi hic voluptatem velit optio repellendus nam.',1,'2018-01-26 10:40:45','2018-01-26 10:40:45'),
(17,25,'Dr. Robbie Zieme','Mollitia commodi rerum commodi aut voluptatem. Itaque eum et quidem velit. Nostrum adipisci vel id odit suscipit necessitatibus. Est eaque aspernatur aut sint rem a.',1,'2018-01-26 10:40:45','2018-01-26 10:40:45'),
(18,11,'Dr. Shaniya Heidenreich','Ut veniam ea qui. Ipsa eligendi rerum eaque nisi itaque. Sed a labore nihil libero.',1,'2018-01-26 10:40:45','2018-01-26 10:40:45'),
(19,11,'Martin Wolf MD','Minima aut omnis aut. Qui rerum ut repellendus non sit ea quasi. Rerum ea placeat qui distinctio harum vitae quod. Quod quia quia rerum ut debitis id.',1,'2018-01-26 10:40:45','2018-01-26 10:40:45'),
(20,9,'Mrs. Aurore Leffler','Dolores vel at eaque numquam. Et quidem aut et itaque minus ut. Eum atque atque beatae repellat quos laudantium quis incidunt.',2,'2018-01-26 10:40:45','2018-01-26 10:40:45'),
(21,24,'Mr. Chaim Jenkins','Cupiditate eos a quis aut et. Consequatur delectus placeat voluptatem. Est blanditiis aut culpa blanditiis autem qui quibusdam. Rem nam fuga aliquid rerum amet veniam.',2,'2018-01-26 10:40:45','2018-01-26 10:40:45'),
(22,18,'Mallory Lynch DDS','Illo eos dicta eligendi perspiciatis cum. Libero autem totam tempore sed quia enim. Quo asperiores alias natus non. Quae accusantium ducimus modi neque rerum.',3,'2018-01-26 10:40:45','2018-01-26 10:40:45'),
(23,17,'Lysanne McDermott DDS','Ullam similique repudiandae et quam velit rerum expedita. Tenetur et hic voluptas dolores. Itaque quia ut non facere non. Nihil sunt accusamus et aut inventore iste cumque eligendi. Nostrum adipisci corporis quia ex nulla corrupti eos.',4,'2018-01-26 10:40:45','2018-01-26 10:40:45'),
(24,38,'Lucas Price','Sapiente voluptatem ullam necessitatibus rerum. Blanditiis iusto et provident vel beatae porro. Sint et nihil qui enim voluptates aut nihil. Sit autem qui facilis itaque eos autem.',4,'2018-01-26 10:40:45','2018-01-26 10:40:45'),
(25,5,'Ms. Fiona Kuvalis Jr.','Libero eum consequatur voluptatem sed dolores quia. Et sapiente aut est sit rerum perspiciatis dolorem minima. Totam voluptates quia corrupti ullam blanditiis libero.',2,'2018-01-26 10:40:45','2018-01-26 10:40:45'),
(26,18,'Jaiden Nader','Ut at iste sint dolorem quo explicabo. Sequi ut delectus ea. Ad corporis aliquid et eum deleniti. Dignissimos quibusdam tenetur est aperiam repellendus autem.',3,'2018-01-26 10:40:45','2018-01-26 10:40:45'),
(27,15,'Gregoria Klein','Voluptatibus aut praesentium sequi voluptas exercitationem tenetur. Illo magni et occaecati totam aliquid. Sed non fugiat quis molestiae repudiandae natus.',2,'2018-01-26 10:40:45','2018-01-26 10:40:45'),
(28,17,'Prof. Abbigail Spencer DDS','Est et quo consectetur dolores. In iure consequatur praesentium ut. Cum facere reprehenderit voluptatem repellat quas velit. Consequatur iure et commodi quo eum magni quia minima.',0,'2018-01-26 10:40:45','2018-01-26 10:40:45'),
(29,23,'Ms. Eloisa Schuppe V','Nobis tenetur ut sunt officia debitis perferendis nesciunt. Voluptatem nobis sequi cupiditate aliquam. Omnis molestiae eos quia ex nobis.',1,'2018-01-26 10:40:45','2018-01-26 10:40:45'),
(30,44,'Miss Yoshiko Goodwin','Excepturi perspiciatis repellat ipsam rerum ea ullam doloremque. Consequatur nihil dolor rerum porro quod. Totam laboriosam aut dignissimos fugiat dolore rerum. Suscipit recusandae vel amet voluptatem.',0,'2018-01-26 10:40:45','2018-01-26 10:40:45'),
(31,46,'Sedrick Konopelski DVM','Eligendi et at doloremque maxime repellat ipsa laboriosam. Illum sint enim commodi sit velit laudantium eligendi. Tempora perferendis assumenda neque non quo sed quis. Sit delectus porro voluptatem non corporis minima et.',0,'2018-01-26 10:40:45','2018-01-26 10:40:45'),
(32,9,'Houston Weissnat V','Eveniet quis dolorem voluptatem quis. Nihil voluptas omnis velit perspiciatis incidunt voluptas dolorum molestias. Mollitia dicta nisi sint mollitia.',0,'2018-01-26 10:40:45','2018-01-26 10:40:45'),
(33,20,'Prof. Antonia Lemke III','Beatae voluptas odit asperiores suscipit aut sapiente. Ut ad dicta itaque assumenda dignissimos totam. Et culpa est voluptatem neque sunt nesciunt nisi vel.',3,'2018-01-26 10:40:45','2018-01-26 10:40:45'),
(34,50,'Amelia Collins','Rerum laudantium ea itaque sit dicta similique veniam iusto. Quia corporis vel impedit autem et laudantium quaerat. Et neque quod quae error sequi.',5,'2018-01-26 10:40:45','2018-01-26 10:40:45'),
(35,37,'Prof. Tomas Hodkiewicz','Ipsa quo cum doloribus nostrum aut sapiente. Nemo aut nihil ut perspiciatis quos. Consequatur ab commodi enim nisi ab.',5,'2018-01-26 10:40:45','2018-01-26 10:40:45'),
(36,22,'Geo Walter','Minus quod tenetur quo sit odit cupiditate. Et maxime explicabo architecto unde illo velit. Autem culpa quaerat recusandae repudiandae nihil non. Exercitationem error cupiditate quia libero inventore eligendi et sed.',3,'2018-01-26 10:40:45','2018-01-26 10:40:45'),
(37,45,'Penelope Bogisich','Incidunt molestiae rerum asperiores quos in atque. Quo aut sint sunt doloribus amet velit. Non aut sit voluptate atque omnis sint exercitationem.',0,'2018-01-26 10:40:45','2018-01-26 10:40:45'),
(38,42,'Jane Price V','Fugit alias ut velit ex vel ab. Cumque eum tempora modi aut doloribus non deserunt natus. Ut enim aut ut eaque aliquam aperiam.',2,'2018-01-26 10:40:45','2018-01-26 10:40:45'),
(39,35,'Mossie Larson','Earum maxime doloribus non vel. Dignissimos hic qui voluptas rerum quis. Deserunt minima nihil sapiente eius. Reiciendis iusto voluptas placeat sint et.',0,'2018-01-26 10:40:46','2018-01-26 10:40:46'),
(40,5,'Nina Raynor','Est voluptatem ipsa autem. Cupiditate deserunt porro molestias eveniet iure. Explicabo a aut occaecati aut tempora qui aliquam. Consequatur asperiores aut quidem quae alias qui aut.',1,'2018-01-26 10:40:46','2018-01-26 10:40:46'),
(41,32,'Daija Reynolds','Vel omnis accusantium aut laudantium totam minus eos. Voluptate est quam et ut. Quia nobis dicta sint iure totam doloribus. Eaque voluptatibus sint vitae ex magni provident doloribus.',3,'2018-01-26 10:40:46','2018-01-26 10:40:46'),
(42,44,'Prof. Jack Skiles','Doloremque ut quos porro sunt autem commodi sit. Commodi quia dolorem ea dolorum beatae. Tenetur ea inventore sed velit assumenda.',1,'2018-01-26 10:40:46','2018-01-26 10:40:46'),
(43,29,'Kavon Hegmann','Molestiae pariatur aspernatur dolorem autem aut. Velit recusandae dolores praesentium sit sit enim omnis quasi. Laborum ut officiis perferendis deleniti.',3,'2018-01-26 10:40:46','2018-01-26 10:40:46'),
(44,43,'Dell Klein I','Nemo itaque sed nemo quia nulla. Et aut quam id et consequatur voluptatem voluptate.',2,'2018-01-26 10:40:46','2018-01-26 10:40:46'),
(45,2,'Rebekah Lind','Amet mollitia fugiat ea harum sit temporibus. Optio et doloremque iure earum. Consequatur minima culpa iure a distinctio placeat dolorum. Excepturi et maxime optio cumque corporis beatae error ab.',5,'2018-01-26 10:40:46','2018-01-26 10:40:46'),
(46,13,'Henri Waters PhD','Dolor aut sed qui modi commodi. Unde ratione eaque cumque ab omnis voluptas doloribus.',1,'2018-01-26 10:40:46','2018-01-26 10:40:46'),
(47,25,'Prof. Dawn Mohr V','Porro debitis distinctio adipisci. Id architecto dicta autem labore ut id.',4,'2018-01-26 10:40:46','2018-01-26 10:40:46'),
(48,17,'Dereck Schaefer','Quisquam consequatur odio et voluptas quisquam velit cum. Accusantium itaque quo magni incidunt voluptatem ea. Inventore et est sit. In corrupti et id qui.',3,'2018-01-26 10:40:46','2018-01-26 10:40:46'),
(49,1,'Janick Bruen DDS','Dolorum ut qui asperiores exercitationem vel. Corrupti iusto beatae eligendi dolores quisquam repellat veniam. Porro omnis quia soluta ut tempore.',4,'2018-01-26 10:40:46','2018-01-26 10:40:46'),
(50,45,'Wilford Ullrich','Ut sit rerum nihil libero. Consequuntur ipsum ipsa corrupti iure accusantium. Sit velit et molestiae deserunt et. Ipsam non rerum quia eos alias est. Nam praesentium vel delectus et optio eum.',0,'2018-01-26 10:40:46','2018-01-26 10:40:46'),
(51,44,'Mr. Alexander Feil','Repudiandae et id voluptates quas. Explicabo eum non non qui nemo et aut. Numquam rerum aliquam iste dolorem dolorem vero.',2,'2018-01-26 10:40:46','2018-01-26 10:40:46'),
(52,4,'Bertha Bogisich','Magnam id ipsam facilis quo. Sit quibusdam ut laudantium ut voluptates incidunt neque. Tempora inventore aut repellat labore. Hic sunt aliquid velit et occaecati ipsa.',3,'2018-01-26 10:40:46','2018-01-26 10:40:46'),
(53,44,'Hortense McClure','Totam non possimus sunt suscipit. Sunt unde atque similique est reprehenderit voluptatem. Libero dolorum asperiores asperiores cupiditate possimus. Autem voluptates recusandae dicta illum facere.',2,'2018-01-26 10:40:46','2018-01-26 10:40:46'),
(54,16,'Lurline Luettgen PhD','Dolorem ipsa et voluptatem. Non odio non explicabo nisi in rerum sint. Enim rerum velit hic expedita neque odio laudantium. Incidunt repudiandae expedita dolorum veniam ducimus occaecati.',5,'2018-01-26 10:40:46','2018-01-26 10:40:46'),
(55,13,'Theresia Cartwright','Recusandae rem voluptate voluptas ut. Sunt dolores maiores voluptas sit recusandae similique qui. Et autem odio porro molestias.',4,'2018-01-26 10:40:46','2018-01-26 10:40:46'),
(56,47,'Prof. Abbie Kovacek','Vitae iusto nesciunt id quaerat officiis. Voluptatem et molestiae dolorem iste. Illo voluptatum natus ut autem iure sit.',5,'2018-01-26 10:40:46','2018-01-26 10:40:46'),
(57,6,'Brendan Thompson','Perferendis ullam aut qui quod sit animi accusamus. Voluptatum blanditiis sint et officia. Corrupti dolores iusto autem facere eius magni.',3,'2018-01-26 10:40:46','2018-01-26 10:40:46'),
(58,4,'Mrs. Felicity Price','Molestias eveniet at praesentium qui suscipit qui qui non. Est quo minima voluptas vitae et modi. Consequatur fugiat ut aliquid cupiditate.',4,'2018-01-26 10:40:46','2018-01-26 10:40:46'),
(59,23,'Ms. Ashley Gibson','Adipisci fugiat libero et. Beatae aliquam laborum eos neque adipisci modi. Voluptates consequatur dolorem ut in.',4,'2018-01-26 10:40:46','2018-01-26 10:40:46'),
(60,13,'Blake Halvorson','Non quos possimus quis aut odit totam explicabo. Assumenda consectetur minus esse doloremque magni eum. Atque fuga at qui tempore assumenda omnis vitae. Ratione sunt nulla vitae molestiae quo explicabo.',0,'2018-01-26 10:40:46','2018-01-26 10:40:46'),
(61,29,'Mrs. Skyla Hilll','Voluptate aut facere soluta similique et praesentium accusantium ad. Et perspiciatis fugit dicta deserunt voluptas eos voluptate. Sequi fugiat expedita nisi ipsa. Voluptate veritatis eligendi explicabo aut voluptates.',3,'2018-01-26 10:40:47','2018-01-26 10:40:47'),
(62,5,'Hertha Funk','Ullam beatae est perspiciatis delectus asperiores. Magni provident debitis consequuntur nesciunt qui excepturi voluptatem.',5,'2018-01-26 10:40:47','2018-01-26 10:40:47'),
(63,36,'Patience Schroeder','Id soluta quod exercitationem saepe maiores aut. Natus quisquam officia omnis non ullam harum. Et sint molestiae et. Doloribus assumenda deleniti molestiae reprehenderit repudiandae.',4,'2018-01-26 10:40:47','2018-01-26 10:40:47'),
(64,3,'Dax Walker','Similique quibusdam dolorem illo qui omnis eum repudiandae. Velit vel iusto sunt ea tempore eius sequi. Repellat esse vitae velit sunt est omnis.',0,'2018-01-26 10:40:47','2018-01-26 10:40:47'),
(65,19,'Priscilla Raynor','Dolor aut sint est vel quibusdam cum inventore. Esse voluptas molestiae magnam deserunt autem est amet. Sint animi excepturi sed unde quia.',0,'2018-01-26 10:40:47','2018-01-26 10:40:47'),
(66,13,'Rhoda Yost DVM','Excepturi voluptates qui earum quos officia enim. Sint et nihil aliquam modi. Quis ullam tempore quibusdam atque qui tempora illo. Ipsa a voluptas expedita atque non. Et necessitatibus sed cum fuga.',5,'2018-01-26 10:40:47','2018-01-26 10:40:47'),
(67,5,'Jayda Bahringer','Dolores repellendus et dolore quaerat sed. Dignissimos neque molestiae rerum perspiciatis quam. Ut iure quidem vero nobis facere necessitatibus. Placeat nisi ut ut dolor rerum facere ut.',2,'2018-01-26 10:40:47','2018-01-26 10:40:47'),
(68,37,'Otto Pagac','Ut et ex doloremque autem libero odio ea recusandae. Cumque id harum veniam molestiae. Et eos quia sint porro. Vitae eum non voluptates et.',1,'2018-01-26 10:40:47','2018-01-26 10:40:47'),
(69,10,'Shanna Jacobs','Iusto maxime animi est nulla ipsum iusto. Enim aspernatur et quidem debitis eum temporibus aliquam. Qui eaque voluptas est provident. Aliquam autem mollitia minus sint.',4,'2018-01-26 10:40:47','2018-01-26 10:40:47'),
(70,23,'Dr. Carmela Blanda','Sint et quia amet omnis voluptas. Alias amet magni eos delectus. Commodi amet sapiente cum voluptatum occaecati ea doloribus sequi. Voluptas qui nam rerum dolores.',5,'2018-01-26 10:40:47','2018-01-26 10:40:47'),
(71,20,'Zula Schroeder','Est nesciunt et consequatur. Neque incidunt necessitatibus aut qui quia cupiditate eveniet. Asperiores quo excepturi debitis praesentium. Et ex iste vel accusamus reprehenderit.',2,'2018-01-26 10:40:47','2018-01-26 10:40:47'),
(72,37,'Dr. Gail Medhurst','Sequi quia qui eligendi qui sint. Molestiae quia consectetur in. Est praesentium rerum eum voluptas voluptatem nemo debitis assumenda.',5,'2018-01-26 10:40:47','2018-01-26 10:40:47'),
(73,11,'Jamar Johns','Debitis rerum consequatur vel sint. Culpa expedita explicabo qui officiis illum saepe. Optio aut nisi fuga repellat iusto. Aut beatae minus ducimus voluptatem.',2,'2018-01-26 10:40:47','2018-01-26 10:40:47'),
(74,41,'Miss Audie Considine','Doloremque sed et similique doloribus sit et voluptas. Iste recusandae qui sit similique nam est. Est velit debitis quis sint natus impedit esse. Aut voluptas aut eum deleniti ut facilis.',2,'2018-01-26 10:40:47','2018-01-26 10:40:47'),
(75,44,'Mr. Gabe Dickinson Sr.','Iure est ipsam aut doloremque repudiandae eaque est. Itaque adipisci eaque voluptatem dignissimos exercitationem et. Animi asperiores modi qui eos ut eligendi et.',5,'2018-01-26 10:40:47','2018-01-26 10:40:47'),
(76,40,'Mrs. Alvena Braun DDS','Ut aperiam recusandae iure praesentium sint odit. Sint quae perspiciatis et voluptas praesentium voluptas quis. Quis nihil alias repellat cupiditate expedita. Eum in nisi est.',2,'2018-01-26 10:40:47','2018-01-26 10:40:47'),
(77,50,'Ms. Aiyana McCullough','Dolorum id ad ullam consectetur voluptas ipsum. Enim totam ut voluptas aut inventore eveniet occaecati.',2,'2018-01-26 10:40:47','2018-01-26 10:40:47'),
(78,25,'Delphine Cruickshank III','Dolor suscipit sunt quis nam voluptatem eum. Animi inventore fugit omnis ut dolorem autem deleniti. Qui maiores vero qui.',3,'2018-01-26 10:40:47','2018-01-26 10:40:47'),
(79,7,'Mr. Jakob Gutkowski I','Sint reiciendis vero incidunt consequatur aperiam at. Voluptas a corporis dicta molestiae sapiente aut est omnis. Sit eos eveniet impedit quia.',0,'2018-01-26 10:40:47','2018-01-26 10:40:47'),
(80,5,'Mrs. Antoinette Morissette MD','Nostrum tenetur alias ullam harum et. Corporis natus fuga recusandae et dolores ut. A est exercitationem explicabo qui ipsam velit rerum minus. Sed enim a magnam excepturi iste totam.',0,'2018-01-26 10:40:47','2018-01-26 10:40:47'),
(81,17,'Lulu Bergnaum I','Autem repellendus esse explicabo molestiae enim. Nesciunt sed ea expedita dolor. Ipsa libero eligendi officiis quisquam inventore. Velit et illum odit sit maiores optio perferendis.',3,'2018-01-26 10:40:47','2018-01-26 10:40:47'),
(82,48,'Fannie Mann','Tenetur omnis aut porro. Autem perspiciatis reiciendis laudantium est voluptatem. Qui dolorum sed dolorum at ut earum.',1,'2018-01-26 10:40:47','2018-01-26 10:40:47'),
(83,22,'Clyde Jones','Perferendis et dolorem quis accusamus cumque. Ducimus reprehenderit ea quidem adipisci cum nulla voluptatibus. Ullam est praesentium corporis est occaecati rerum est.',0,'2018-01-26 10:40:47','2018-01-26 10:40:47'),
(84,15,'Jillian Rutherford DVM','Earum animi omnis aliquid molestias. Tempore aspernatur ut quas nesciunt non.',2,'2018-01-26 10:40:47','2018-01-26 10:40:47'),
(85,37,'Katelynn Rau','Et rerum ab labore tempora incidunt possimus. Sunt at enim nihil voluptates aliquam.',0,'2018-01-26 10:40:47','2018-01-26 10:40:47'),
(86,30,'Kariane Moen','Nesciunt dolorem illo nostrum ut facere accusantium. Debitis saepe nobis minus qui adipisci. Sed accusamus odit et voluptatem est totam.',2,'2018-01-26 10:40:47','2018-01-26 10:40:47'),
(87,9,'Janet Deckow','Et occaecati laboriosam eos iste inventore et. Harum aperiam a consequatur eaque sed quasi hic.',5,'2018-01-26 10:40:47','2018-01-26 10:40:47'),
(88,24,'Dr. David Dickens','Aut consequuntur blanditiis eaque alias magnam possimus. Dolores magni consectetur natus quod et. Voluptate qui illum doloribus est eos consectetur molestiae.',1,'2018-01-26 10:40:48','2018-01-26 10:40:48'),
(89,17,'Remington Kovacek','Voluptatibus corporis aut omnis et ut dolorem distinctio. Aliquid totam et et dignissimos. Aperiam consequatur non optio minima cum aperiam rerum. Et sit dolorum atque adipisci dolores totam necessitatibus.',2,'2018-01-26 10:40:48','2018-01-26 10:40:48'),
(90,46,'Aubrey Paucek','Provident praesentium soluta et rem modi perferendis eaque. Libero illum id incidunt eveniet quis vel ipsum iure. Enim sed tempora possimus qui rem sed neque. Rerum sit odio adipisci animi doloremque.',0,'2018-01-26 10:40:48','2018-01-26 10:40:48'),
(91,5,'Dr. Mossie Herzog','Cupiditate qui ab qui quas accusantium. Sunt magni voluptatibus repellat ut velit porro. Sint facilis sint aut voluptas. Sed minus at sit qui occaecati possimus velit.',5,'2018-01-26 10:40:48','2018-01-26 10:40:48'),
(92,47,'Maybell Lakin','Culpa et sed voluptatem hic deserunt quia. Laboriosam ipsum quis in et ut rerum consequatur. Eum autem quo ullam sed deleniti quam.',5,'2018-01-26 10:40:48','2018-01-26 10:40:48'),
(93,14,'Horacio Casper II','Natus repudiandae tempora optio quia est voluptatum accusantium. Alias amet eveniet dolores. Modi molestiae voluptatum voluptas. Temporibus ex rerum sapiente.',5,'2018-01-26 10:40:48','2018-01-26 10:40:48'),
(94,43,'Freeda Larkin','A minus qui repellendus aperiam. Cum quae dolorum eos in aut voluptates. Veritatis in eum officiis.',2,'2018-01-26 10:40:48','2018-01-26 10:40:48'),
(95,36,'Joanie Kunde Jr.','Et eaque sed corrupti et quos minus. Ipsam voluptates voluptatum possimus doloremque. Nostrum porro necessitatibus et eius dolor sit quia. Porro quo deleniti autem maiores.',5,'2018-01-26 10:40:48','2018-01-26 10:40:48'),
(96,4,'Pasquale Nienow','Quo consequatur omnis qui est rerum exercitationem dolorum. Dolorum magni aperiam sed quia dolorem aliquid. Consequatur hic optio ipsa voluptatem ut fugiat.',0,'2018-01-26 10:40:48','2018-01-26 10:40:48'),
(97,27,'Nova Okuneva','Iste vitae deserunt qui eaque voluptatum reiciendis. Nisi temporibus ducimus aliquid repellendus id in. Facere nesciunt in animi.',4,'2018-01-26 10:40:48','2018-01-26 10:40:48'),
(98,23,'Harold Mraz','Occaecati est modi molestiae assumenda quae occaecati vel quae. Porro et dolor dolor consequatur et illum. Voluptatem quo autem est fugiat praesentium. Consequuntur veniam est velit ipsa veniam error et.',1,'2018-01-26 10:40:48','2018-01-26 10:40:48'),
(99,13,'Gregorio Walker','Omnis exercitationem voluptatem sit dolor. Dolor repellat molestiae quia amet. Fugiat unde alias quia. Voluptatem repudiandae harum aperiam quis.',2,'2018-01-26 10:40:48','2018-01-26 10:40:48'),
(100,10,'Prof. Deion Gusikowski','Ipsam odit quia repudiandae velit itaque veritatis error ullam. Odit distinctio illo non mollitia sed porro. Mollitia sapiente neque consequuntur aliquid officiis itaque vel cum. Et laboriosam reiciendis voluptatum cumque dolorum.',0,'2018-01-26 10:40:48','2018-01-26 10:40:48'),
(101,8,'Prof. Annetta Conn','Molestiae cupiditate in hic quidem quasi natus non. Ut sint iure excepturi. Aut quia reiciendis voluptate laborum.',4,'2018-01-26 10:40:48','2018-01-26 10:40:48'),
(102,45,'Eugene Kozey','Voluptates quibusdam sunt autem magnam dolorum aspernatur. Nostrum aut voluptatibus qui dolores ullam excepturi. Quis eum est inventore ipsum ea. Possimus est molestiae necessitatibus quis autem.',1,'2018-01-26 10:40:48','2018-01-26 10:40:48'),
(103,19,'Berneice Schimmel','Et sit libero perspiciatis autem non est qui ut. Molestiae odio dolor in libero sit eos eaque. Culpa pariatur tenetur eos culpa laboriosam eveniet nulla.',4,'2018-01-26 10:40:48','2018-01-26 10:40:48'),
(104,26,'Florine Ankunding','Et sit dolor cupiditate libero enim aut sint facere. Commodi corporis blanditiis at omnis. Cupiditate earum eligendi ad officia. Omnis in soluta aperiam qui cumque minima perferendis.',2,'2018-01-26 10:40:48','2018-01-26 10:40:48'),
(105,36,'Ella Gottlieb','Atque autem et dolorem culpa ipsum id maxime. Cum culpa quibusdam id occaecati veritatis quod. Asperiores aut ut sapiente repellat inventore.',4,'2018-01-26 10:40:48','2018-01-26 10:40:48'),
(106,18,'Rowan Abernathy PhD','Aut illum quis consequatur reprehenderit porro assumenda repellendus. Asperiores culpa sunt at cupiditate. Suscipit voluptatibus laborum quia magni quaerat. Aut itaque eos impedit fugit alias.',3,'2018-01-26 10:40:48','2018-01-26 10:40:48'),
(107,10,'Roderick Jast','Eos quis est corporis quisquam. Est assumenda harum sunt eum veniam officiis. Ipsa aut illo totam ut neque enim. Doloremque aut animi minima.',4,'2018-01-26 10:40:48','2018-01-26 10:40:48'),
(108,10,'Bradly Balistreri','Ipsam aperiam sed dolores id. Sed temporibus beatae unde corporis et sed dolor.',0,'2018-01-26 10:40:48','2018-01-26 10:40:48'),
(109,36,'Nestor Sporer','Enim maxime expedita aliquid sed possimus. Quidem sit ut aut facilis. Est cum est laborum adipisci.',1,'2018-01-26 10:40:48','2018-01-26 10:40:48'),
(110,25,'Marcelina Nitzsche','Omnis occaecati voluptatem consequuntur. Debitis nulla eveniet consequuntur corporis iure et sint. Ducimus vel repudiandae iste natus. Minima aut delectus beatae delectus consectetur odio.',0,'2018-01-26 10:40:48','2018-01-26 10:40:48'),
(111,45,'Veronica West','Nobis sit saepe recusandae eius soluta. Sit veritatis dolorem laudantium quam molestiae id. Occaecati amet culpa dolores aperiam animi optio iure eligendi. Assumenda aut qui quas dolorem dolorem atque similique.',3,'2018-01-26 10:40:48','2018-01-26 10:40:48'),
(112,43,'Owen Ziemann','Ut voluptatem dignissimos a aspernatur. Atque ullam et doloribus sed distinctio. Eligendi ut numquam dicta.',3,'2018-01-26 10:40:48','2018-01-26 10:40:48'),
(113,17,'Darion Towne V','Ea libero magni quia libero nulla repellendus aperiam. Qui quam aut quam delectus mollitia. Accusantium quasi occaecati alias at eveniet amet. Et commodi quos repellat hic.',4,'2018-01-26 10:40:48','2018-01-26 10:40:48'),
(114,23,'Janice Abernathy','Consequatur quod autem deleniti saepe nulla ut nemo. Aut ab voluptas assumenda quod sint ut dolor. Ut non quas dolor.',1,'2018-01-26 10:40:48','2018-01-26 10:40:48'),
(115,30,'Dr. Erica Koch','Est neque voluptatibus commodi aliquam provident numquam. Nihil explicabo expedita quo quidem. Deleniti dolores maiores aliquid qui et est.',1,'2018-01-26 10:40:49','2018-01-26 10:40:49'),
(116,7,'Dorris Kuhic','Sit non accusantium dolor eos. Maiores doloremque ipsa tenetur eum. Eum aliquam ut itaque quo est. Laborum velit at maxime doloribus. Perferendis porro necessitatibus voluptatibus consectetur enim adipisci quis aut.',2,'2018-01-26 10:40:49','2018-01-26 10:40:49'),
(117,12,'Marilyne White','Repellat dicta porro nihil soluta iusto vitae et. Omnis harum minus voluptas ea. Molestias est suscipit molestiae corrupti vel eligendi ea. Unde quidem velit consectetur et placeat reiciendis.',2,'2018-01-26 10:40:49','2018-01-26 10:40:49'),
(118,17,'Lucile White MD','Cupiditate rerum ex qui facere inventore quia. In maxime iusto commodi est. Distinctio magni nisi odio ad velit quia libero vitae.',3,'2018-01-26 10:40:49','2018-01-26 10:40:49'),
(119,30,'Antonina Keebler IV','Id quia est velit. Quisquam autem sed animi explicabo doloremque. Quibusdam tenetur qui voluptatem.',4,'2018-01-26 10:40:49','2018-01-26 10:40:49'),
(120,17,'Hertha Cassin','A beatae possimus at est. Maiores ut accusamus consequuntur necessitatibus dolor. Sunt sint architecto omnis iure molestiae distinctio. Aut ullam ut possimus corporis facilis.',2,'2018-01-26 10:40:49','2018-01-26 10:40:49'),
(121,45,'Sarah Kub','Consectetur quod enim ducimus culpa ducimus id et praesentium. Velit impedit autem tempora optio quos magnam illum. Quaerat expedita est ut aspernatur et culpa hic. Quaerat dolorem aut quis ut. Perferendis modi tenetur exercitationem quisquam quia.',2,'2018-01-26 10:40:49','2018-01-26 10:40:49'),
(122,39,'Mack Schmitt MD','Temporibus est facilis commodi omnis alias rem aperiam. Eligendi aut ut et tenetur. Quae et fuga aspernatur est ab quae. Qui ex corporis molestiae est rerum non.',3,'2018-01-26 10:40:49','2018-01-26 10:40:49'),
(123,14,'Dr. Avis Douglas III','Nisi illo itaque mollitia tempore amet sed. Dolores porro at quidem voluptatem tenetur placeat id aut. Consequatur consectetur quibusdam officia sed aperiam.',2,'2018-01-26 10:40:49','2018-01-26 10:40:49'),
(124,44,'Dessie Steuber','Inventore minus fugiat animi et nobis officia cum ut. Odit accusantium libero placeat quaerat non doloremque ad. Quia natus omnis optio dolores.',5,'2018-01-26 10:40:49','2018-01-26 10:40:49'),
(125,2,'Conrad O\'Hara','Voluptatem et aut deleniti autem dolores nisi. Est quis excepturi et atque et. Dolor eius earum est aliquam. Autem corrupti qui omnis temporibus libero voluptas modi.',3,'2018-01-26 10:40:49','2018-01-26 10:40:49'),
(126,10,'Elta Ebert','Similique aut inventore vitae at voluptas voluptate. Dolorem temporibus facilis praesentium necessitatibus architecto. Modi a quod aliquam tempore. Quo rerum quo molestias quidem asperiores natus sequi.',2,'2018-01-26 10:40:49','2018-01-26 10:40:49'),
(127,13,'Ettie Simonis','Pariatur voluptas quia vel est esse non. Voluptas commodi quas porro doloribus saepe est. Voluptatem fugiat distinctio architecto est. Omnis voluptatem occaecati voluptatem hic doloribus et.',5,'2018-01-26 10:40:49','2018-01-26 10:40:49'),
(128,26,'Sonny King','Ab qui sapiente sit vel. Itaque omnis aliquam minima quidem fugiat. Nesciunt aperiam sed omnis autem blanditiis facilis nobis. Nemo laudantium aut aut sint ipsum.',0,'2018-01-26 10:40:49','2018-01-26 10:40:49'),
(129,30,'Mr. Victor Marquardt V','Consequatur velit voluptas numquam odit facilis cupiditate. Praesentium possimus excepturi ducimus delectus aliquid facere. Cum inventore sapiente quis dolorum vitae assumenda ipsam.',1,'2018-01-26 10:40:49','2018-01-26 10:40:49'),
(130,18,'Paolo Swaniawski I','Vitae id consequatur rerum omnis voluptas earum eum. Autem sint nihil nulla sunt. Possimus natus consequatur minima.',2,'2018-01-26 10:40:49','2018-01-26 10:40:49'),
(131,34,'Sylvia Willms II','Doloremque quis ex neque enim qui accusantium et. Accusantium et id nisi aut ut consequatur sit. Omnis molestias deleniti numquam et inventore totam est molestias.',0,'2018-01-26 10:40:49','2018-01-26 10:40:49'),
(132,12,'Bessie Okuneva DDS','Saepe autem sed quo magni optio soluta. Sed eos sequi dolorum suscipit. Ea ad quam error. In enim nihil aliquam eligendi.',2,'2018-01-26 10:40:49','2018-01-26 10:40:49'),
(133,19,'Wyatt Effertz','Blanditiis voluptas mollitia dolorum et adipisci impedit. Aut temporibus in ad illo magnam. Nihil excepturi voluptatem quis eius.',0,'2018-01-26 10:40:49','2018-01-26 10:40:49'),
(134,3,'Sarai Durgan','Soluta sed iure eum ullam voluptas. Sed quae sit repudiandae ut reiciendis quos. Sed quisquam est labore repellendus quidem et molestiae. Doloremque voluptatem qui ad rem est fuga.',3,'2018-01-26 10:40:49','2018-01-26 10:40:49'),
(135,40,'Marietta Yundt','Dolores illo voluptatem perspiciatis ex minima omnis quis expedita. Occaecati qui et dolores quod. Impedit nihil quo ea nulla inventore ut modi enim.',4,'2018-01-26 10:40:49','2018-01-26 10:40:49'),
(136,24,'Thora Schinner','Ex a rerum in enim voluptatibus laboriosam ipsa. Corporis modi dolores quam ad voluptatem optio rerum natus. Ut vitae aperiam eos nihil corporis earum inventore. Totam inventore et dolores.',2,'2018-01-26 10:40:49','2018-01-26 10:40:49'),
(137,47,'Maye Kshlerin','Distinctio non est numquam similique. Nesciunt autem et illo consequatur doloremque repellat id.',4,'2018-01-26 10:40:49','2018-01-26 10:40:49'),
(138,42,'Daija Sporer','Fugit ab eveniet laborum error. Est esse explicabo quia quos quisquam tenetur. Consequatur esse quas illo illo labore. Est saepe nisi deleniti.',3,'2018-01-26 10:40:49','2018-01-26 10:40:49'),
(139,45,'Miss Frederique Carroll V','Quo qui nisi quasi ut quam. Ducimus dolor iste nihil aut tempora eius maxime. Aut sint ut architecto velit ratione quia. Recusandae velit commodi aut nulla totam.',5,'2018-01-26 10:40:50','2018-01-26 10:40:50'),
(140,29,'Dr. Rashad Huels I','Modi cum vel non et. Quibusdam dolorem et odit ut repellat. Minus non recusandae tenetur. Voluptatum non autem quis tempora asperiores voluptatibus.',2,'2018-01-26 10:40:50','2018-01-26 10:40:50'),
(141,17,'Ariane Hammes','Veniam nam voluptatem quisquam ullam porro explicabo perferendis. Aliquam consequatur omnis reprehenderit quidem ea temporibus rerum harum. Reprehenderit ducimus minus veniam doloremque sint itaque quae.',2,'2018-01-26 10:40:50','2018-01-26 10:40:50'),
(142,26,'Mr. Kennedy Tremblay II','Perspiciatis aperiam perferendis eum est ipsam. Magnam expedita perspiciatis nostrum voluptates rerum nemo. Libero eveniet aut quibusdam rem optio at inventore.',5,'2018-01-26 10:40:50','2018-01-26 10:40:50'),
(143,18,'Dr. Mae Wisoky','Quis et voluptatem quae et. Dolorem officiis consequatur asperiores ratione officiis aut odit.',4,'2018-01-26 10:40:50','2018-01-26 10:40:50'),
(144,15,'Dr. Mckenzie Reichert','Dolorum enim consequatur non voluptatem. Natus ullam cumque itaque deserunt ab omnis et libero. Commodi odio tempora magni minus modi. Unde ut optio ratione autem. Eum voluptas dolorem qui ea.',2,'2018-01-26 10:40:50','2018-01-26 10:40:50'),
(145,31,'Theo Bashirian II','Architecto facere maiores inventore voluptas autem. Rerum repellendus rem possimus non deserunt quisquam maxime.',3,'2018-01-26 10:40:50','2018-01-26 10:40:50'),
(146,20,'Dr. Jonathan Bartell','Ducimus cumque praesentium dolor. Ad quod sed vitae quo. Sint rerum qui qui nobis.',3,'2018-01-26 10:40:50','2018-01-26 10:40:50'),
(147,36,'Mr. Sherwood Russel','Id et nulla pariatur temporibus occaecati ducimus dolor. Doloremque tempora deleniti quibusdam. Omnis voluptas vel asperiores. Suscipit aliquid dolorem doloremque repellendus provident. Consectetur molestiae sit dolore est est.',2,'2018-01-26 10:40:50','2018-01-26 10:40:50'),
(148,5,'Santina Gorczany','Asperiores quo quod ad possimus nam. Consequatur aut maiores iusto non eos reiciendis dolorem. Assumenda aut eum dignissimos nostrum aperiam animi aspernatur.',0,'2018-01-26 10:40:50','2018-01-26 10:40:50'),
(149,8,'Javonte Raynor','Eius et totam voluptatum excepturi officiis voluptate quod. Iure dolores rerum sequi assumenda non deserunt sit. Consequatur aperiam omnis dolorem cum quod est id. Accusamus exercitationem voluptatem ad asperiores ipsam voluptatem.',3,'2018-01-26 10:40:50','2018-01-26 10:40:50'),
(150,1,'Karolann Gleichner','Quis voluptatem nostrum non quo architecto. Expedita delectus quam ut consequuntur.',2,'2018-01-26 10:40:50','2018-01-26 10:40:50'),
(151,29,'Nikki Abbott','Maiores aut distinctio maiores. Rerum dolores et itaque est soluta eum quo quia. Ducimus rem eum mollitia.',1,'2018-01-26 10:40:50','2018-01-26 10:40:50'),
(152,2,'Marquise Turner','Voluptas sunt eos culpa ut in. Consequatur quia quia incidunt aliquid odio ducimus. Fugit enim illum recusandae ut.',5,'2018-01-26 10:40:50','2018-01-26 10:40:50'),
(153,5,'Elmira Jones','Sit incidunt deserunt perspiciatis ut adipisci facere. Aut explicabo tempore et. Dolorem in qui dolor ut voluptate consequatur veritatis.',5,'2018-01-26 10:40:50','2018-01-26 10:40:50'),
(154,33,'Daniella Murphy','Deserunt aut rem quaerat esse voluptatum necessitatibus ea. Laudantium at fugit perferendis. Vitae tenetur ut neque et velit beatae. Ab asperiores eum ut eos placeat eaque. Facere et commodi quia ut error dolore quo.',3,'2018-01-26 10:40:50','2018-01-26 10:40:50'),
(155,21,'Alberta Rice I','Sit qui corporis doloribus eum. Enim et vel veritatis sapiente exercitationem aut delectus. Sed tempore voluptatem quo nisi et itaque.',2,'2018-01-26 10:40:50','2018-01-26 10:40:50'),
(156,29,'Prof. Wanda Reichel','Voluptatem et consequuntur earum porro rerum. Iusto voluptatem aut labore voluptatum. Quam saepe ad fugiat ad velit.',5,'2018-01-26 10:40:50','2018-01-26 10:40:50'),
(157,49,'Hertha Emmerich','Recusandae odio iure qui quaerat natus. A doloremque quibusdam magnam sit quia deserunt. Omnis non omnis aut minus. Consequuntur dolorem laborum in quae nesciunt et enim.',2,'2018-01-26 10:40:50','2018-01-26 10:40:50'),
(158,19,'Dr. Rolando Ferry','Est officiis maiores ipsam eligendi. Vel et quod voluptas natus hic fuga et et. Est voluptatum voluptas qui facere tenetur. Quia sed error sed consequuntur doloremque voluptatum. Et quia distinctio beatae facere aut aspernatur est.',1,'2018-01-26 10:40:50','2018-01-26 10:40:50'),
(159,29,'Norbert Lebsack Jr.','Harum itaque alias earum ipsam. Dolorum excepturi ea qui ut. Dicta numquam nisi neque. Illo nisi qui et impedit possimus.',1,'2018-01-26 10:40:50','2018-01-26 10:40:50'),
(160,23,'Schuyler Quitzon','Iste consectetur nihil a sed aut asperiores debitis. Aliquam a sunt qui error. Error repellat omnis aliquam ea voluptatem. Molestias vel mollitia consequatur rem.',3,'2018-01-26 10:40:50','2018-01-26 10:40:50'),
(161,2,'Karli Medhurst','Sunt dolores autem corporis at omnis repellendus quae voluptas. Qui maxime consequatur quo nesciunt quis aut quibusdam. Nam aut dolor consequatur nobis ut ipsa.',4,'2018-01-26 10:40:50','2018-01-26 10:40:50'),
(162,5,'Jan Rice','Est perferendis consequatur commodi delectus in illum. Rerum itaque et perferendis sit ex enim. Nihil aut culpa omnis quia cupiditate. Eaque tempore consequuntur ea.',0,'2018-01-26 10:40:51','2018-01-26 10:40:51'),
(163,8,'Kennith Lehner','Officiis commodi maxime ullam aut. Ut rerum incidunt hic quidem fugiat quo esse. Reprehenderit accusantium est explicabo hic inventore harum rerum.',5,'2018-01-26 10:40:51','2018-01-26 10:40:51'),
(164,50,'Vidal Harvey','Aspernatur voluptatem sed placeat culpa beatae fuga. Quia qui voluptas eum. Illo repellendus molestias consectetur velit impedit quis facilis et.',2,'2018-01-26 10:40:51','2018-01-26 10:40:51'),
(165,14,'Peggie Herzog','Repellendus mollitia et sit aut aperiam. Et non impedit unde sed qui nulla cum expedita.',5,'2018-01-26 10:40:51','2018-01-26 10:40:51'),
(166,24,'Millie Jaskolski','Quas veniam eum quae voluptas quos. Et maxime eum eum porro expedita quos possimus numquam. Velit ipsam totam provident ut id. Nihil tempora et ullam facilis recusandae. Quia ea et facilis reiciendis quo amet ex.',2,'2018-01-26 10:40:51','2018-01-26 10:40:51'),
(167,42,'Kirstin Von','Vel eos sed facere voluptatem repellat est magni. Quaerat qui ducimus natus nesciunt commodi.',5,'2018-01-26 10:40:51','2018-01-26 10:40:51'),
(168,28,'Elaina Stracke','Adipisci eos consectetur nostrum ratione labore laboriosam. Voluptates rerum illum amet eius.',2,'2018-01-26 10:40:51','2018-01-26 10:40:51'),
(169,32,'Viva Kassulke PhD','Facilis consequatur minima consequatur totam dolores. Necessitatibus asperiores sunt soluta soluta itaque pariatur tempore. Amet sunt rerum qui voluptas.',1,'2018-01-26 10:40:51','2018-01-26 10:40:51'),
(170,32,'Prof. Elmo Runolfsson II','Ea odit harum pariatur est doloribus. Natus quos ut cumque omnis cum dolorem aut. Assumenda rerum nulla eum nisi labore delectus porro ut. Fugiat occaecati veniam sequi corrupti.',2,'2018-01-26 10:40:51','2018-01-26 10:40:51'),
(171,46,'Aiden Pagac PhD','Distinctio est consequatur ut id dolorem. Sunt sit dolore omnis qui est animi id. Id sunt possimus repellat assumenda. Voluptatum dolor molestias ipsum molestiae.',0,'2018-01-26 10:40:51','2018-01-26 10:40:51'),
(172,46,'Ivah Dickinson PhD','Consequatur fugiat nobis non id et rerum reprehenderit. Est deleniti quo et porro cum qui. Amet ad eius fuga est nesciunt qui quia molestiae. Vero laborum dolorem id ipsa harum est ad nihil. Aut hic debitis cupiditate rerum expedita nulla qui.',2,'2018-01-26 10:40:51','2018-01-26 10:40:51'),
(173,39,'Prof. Dolores Gutkowski Sr.','Doloribus aliquid ut ipsum est exercitationem. Molestias asperiores unde dolorem ducimus reiciendis sapiente perspiciatis. Rerum omnis aut quibusdam enim.',5,'2018-01-26 10:40:51','2018-01-26 10:40:51'),
(174,23,'Berneice Denesik IV','Dolor iure qui quam quidem sunt et ullam. Fuga deserunt eligendi ipsum harum. Debitis ea accusamus facilis eum numquam perferendis fugiat. Laboriosam ut non rem dolorum.',0,'2018-01-26 10:40:51','2018-01-26 10:40:51'),
(175,15,'Shayna Sauer','Sed nostrum et ea reprehenderit aliquid. Et maiores perferendis ut in praesentium. Itaque ut in impedit sint assumenda quod. Ea et magni qui excepturi ea et.',4,'2018-01-26 10:40:51','2018-01-26 10:40:51'),
(176,8,'Mr. Mallory Grady PhD','Culpa necessitatibus sunt sed eos dignissimos voluptas quidem. Iste magnam repellat magni cupiditate voluptatem quis suscipit nemo. Voluptas culpa suscipit ducimus qui possimus eaque. Velit est eveniet accusamus sed. Eligendi eum doloribus molestiae adipisci ratione.',1,'2018-01-26 10:40:51','2018-01-26 10:40:51'),
(177,50,'Lera Luettgen PhD','Fuga quo alias assumenda ut eum minus. Quis qui ut cupiditate libero incidunt voluptatem. Sint aut quia ducimus quo.',2,'2018-01-26 10:40:51','2018-01-26 10:40:51'),
(178,21,'Prof. Laurel Marquardt II','Neque qui nobis assumenda dolore eius harum voluptatibus. Recusandae ea blanditiis nam similique dolor. Omnis in non non non sint. Saepe aliquid officiis fugit cupiditate aut nemo qui.',2,'2018-01-26 10:40:51','2018-01-26 10:40:51'),
(179,27,'Icie Willms','Sed neque et nemo est perferendis. Voluptates perferendis aut maxime. Eos sunt nobis commodi dolorum similique.',4,'2018-01-26 10:40:51','2018-01-26 10:40:51'),
(180,5,'Arnold Gorczany','Modi accusantium atque deserunt architecto. Et blanditiis et voluptas aut corporis officia qui. Cumque temporibus ab et nobis beatae quisquam eligendi. Enim nihil voluptatem quam molestias perspiciatis voluptatem.',2,'2018-01-26 10:40:51','2018-01-26 10:40:51'),
(181,37,'Mr. Jeff Rolfson DDS','Quia quod autem in delectus. Accusantium eos eum magnam numquam aut laborum. Facere nemo modi qui quis tenetur. Perferendis harum officia consequatur architecto fugiat dolores maxime dolorem.',5,'2018-01-26 10:40:51','2018-01-26 10:40:51'),
(182,9,'Heber Windler','Aperiam at iste consequatur et esse officiis. Eos adipisci neque ut et. Dolore aspernatur tenetur sit minus nisi et. Modi rerum eligendi et.',0,'2018-01-26 10:40:51','2018-01-26 10:40:51'),
(183,32,'Claude Romaguera','Est id eligendi enim ullam enim. Dicta necessitatibus quasi eos et harum occaecati quas. Est numquam a aut nulla qui odio.',5,'2018-01-26 10:40:51','2018-01-26 10:40:51'),
(184,31,'Roberto Spencer','Mollitia dolorum veniam quos ratione illo voluptatibus. Molestias vel qui facilis molestiae voluptatum saepe molestias. Voluptatum velit velit recusandae neque est. Dolore voluptates sapiente sit perspiciatis deleniti.',4,'2018-01-26 10:40:51','2018-01-26 10:40:51'),
(185,5,'Miss Kylie Conroy','Minus reprehenderit dolor quasi repellat laboriosam a nihil facere. Accusantium excepturi rerum aliquam eos adipisci. Impedit eum recusandae in ullam.',5,'2018-01-26 10:40:52','2018-01-26 10:40:52'),
(186,47,'Maurice Rogahn','Molestiae dolorum vel ut et. Dolore qui veniam facere rerum modi est. Nesciunt sed repellendus iure dolorem nisi fugiat quisquam molestias. Expedita rem molestias qui voluptate est maiores.',1,'2018-01-26 10:40:52','2018-01-26 10:40:52'),
(187,1,'Edward Schultz DVM','Voluptatum est illo et tenetur. Aspernatur voluptas quisquam molestiae. Sint rem neque consequatur non iusto minus molestias. Magnam eligendi velit officiis autem quaerat omnis.',1,'2018-01-26 10:40:52','2018-01-26 10:40:52'),
(188,40,'Dustin Kunze','Quia laboriosam deserunt consequatur iure. Culpa est porro architecto aut nemo cupiditate. Deleniti error et vero rem. Eveniet hic quo consequatur sequi.',1,'2018-01-26 10:40:52','2018-01-26 10:40:52'),
(189,15,'Giovanni Bergstrom','Tenetur quia rerum eos ut doloremque. Id nihil a doloribus omnis. Modi culpa ipsum voluptatum ut. Aut aliquid voluptatibus exercitationem ut.',3,'2018-01-26 10:40:52','2018-01-26 10:40:52'),
(190,37,'Lamont Lesch','Illum vero excepturi quia voluptatum inventore ipsum incidunt nihil. Ea veniam id nam autem et nihil quia. Sit ad ipsa a quam rerum enim sapiente. Quia eius inventore velit consequatur dolor.',3,'2018-01-26 10:40:52','2018-01-26 10:40:52'),
(191,31,'Miss Pinkie Nienow IV','Similique voluptatem similique sint deserunt est voluptatem facilis. Veritatis molestias asperiores minima sapiente explicabo mollitia. Voluptatem officiis quo perspiciatis ullam aut at error. Voluptas voluptatem modi quibusdam voluptatem beatae ut architecto.',1,'2018-01-26 10:40:52','2018-01-26 10:40:52'),
(192,19,'Javonte Graham','Magnam deleniti ex sunt ut recusandae saepe. Hic ut soluta perspiciatis corporis adipisci non dolorum. Eum voluptatem quis laborum ab impedit. Iure minus quia et.',1,'2018-01-26 10:40:52','2018-01-26 10:40:52'),
(193,2,'Jennifer Veum','Qui consequatur consectetur architecto exercitationem et ratione possimus. Quia iusto molestiae harum accusantium quia aut nam. Quia voluptas sapiente totam velit quasi debitis eius.',1,'2018-01-26 10:40:52','2018-01-26 10:40:52'),
(194,7,'Casper Hegmann','Neque sequi voluptatem quod saepe harum doloribus ut deserunt. Laudantium et necessitatibus quia autem velit maxime tempora cupiditate. Laboriosam necessitatibus ex distinctio eaque consequatur ut sequi labore. Ut ut necessitatibus est maiores.',1,'2018-01-26 10:40:52','2018-01-26 10:40:52'),
(195,12,'Dr. Jeffry Kub','Mollitia magnam id omnis accusantium harum tempora porro. Libero vel enim ad veritatis odit iure. Quia alias distinctio est. Velit sit voluptatem reprehenderit eveniet. Accusamus earum qui veniam voluptatem dolorem ea quisquam.',5,'2018-01-26 10:40:52','2018-01-26 10:40:52'),
(196,42,'Naomie Schiller','Maxime error facilis ut perferendis soluta in explicabo. Beatae quo ut deleniti ut cumque debitis. Sit voluptate eaque eos quia laudantium aut. Ipsum quod a eos sequi ab velit.',2,'2018-01-26 10:40:52','2018-01-26 10:40:52'),
(197,37,'Velda Koelpin','Dolores nulla animi soluta. Omnis temporibus sit exercitationem vitae voluptatum autem. Quia vel et quos voluptatem.',0,'2018-01-26 10:40:52','2018-01-26 10:40:52'),
(198,28,'Ryan Schmidt','Voluptas aut eos ea et tempora ea voluptatem. Perferendis omnis ab est est recusandae quasi fugiat. Qui ab possimus voluptatem excepturi. Ipsam amet fugiat dolor culpa.',1,'2018-01-26 10:40:52','2018-01-26 10:40:52'),
(199,12,'Mathew Zulauf V','Voluptates explicabo itaque enim rem sunt rerum voluptatem qui. Placeat laborum consequatur voluptates omnis facere delectus neque. Et eius praesentium et eos maiores recusandae molestias praesentium. Voluptatem rerum aut dignissimos veniam vel sed.',4,'2018-01-26 10:40:52','2018-01-26 10:40:52'),
(200,17,'Dorcas Hudson','Tempora fuga nihil consequatur magnam unde aspernatur consectetur. Et expedita et veritatis et dolores est cum quo. Accusantium maiores vitae ipsum. Rerum vitae et atque velit non animi maiores.',4,'2018-01-26 10:40:52','2018-01-26 10:40:52'),
(201,29,'Dean Gislason','Quo velit ut vitae aut aut. Quo eligendi est doloribus cum recusandae veritatis sed. Aut alias rerum magnam molestiae asperiores aut est. Quos enim dolores animi quae laborum atque voluptatem.',0,'2018-01-26 10:40:52','2018-01-26 10:40:52'),
(202,34,'Felton Legros','Non hic qui fugiat. Veniam perferendis voluptatem qui facere rem possimus odio. Odit repellat maiores vel nam. Non consequatur omnis placeat ea.',2,'2018-01-26 10:40:52','2018-01-26 10:40:52'),
(203,45,'Miss Skyla Maggio','Ut sunt vel ut eum voluptatem eveniet rerum. Maxime ullam molestiae enim delectus modi molestias. Quibusdam quidem qui quia id numquam. Non ut qui quo magni doloribus dolores sed.',2,'2018-01-26 10:40:52','2018-01-26 10:40:52'),
(204,43,'Leopoldo Stehr','Error quia vel saepe quibusdam rerum quos soluta. Impedit deserunt enim sapiente nesciunt. Numquam qui quia eum et aut recusandae odit. Tempore nesciunt necessitatibus omnis voluptatem.',0,'2018-01-26 10:40:52','2018-01-26 10:40:52'),
(205,43,'Miss Kasandra Flatley','Ipsam et aut quibusdam enim. Et dolorem qui impedit soluta. Hic fuga qui sed aut aspernatur.',4,'2018-01-26 10:40:52','2018-01-26 10:40:52'),
(206,23,'Frederick Leannon','A autem quidem eius dolorem praesentium. Asperiores molestiae molestiae magnam et rem. Similique eos pariatur nostrum non.',1,'2018-01-26 10:40:52','2018-01-26 10:40:52'),
(207,2,'Maia Mills','Voluptatibus veritatis corporis libero est voluptas quis dolorum. Impedit optio praesentium qui aliquam magnam architecto. Nisi enim quis reprehenderit eum.',0,'2018-01-26 10:40:52','2018-01-26 10:40:52'),
(208,13,'Dr. Webster Hudson','Excepturi provident est aliquam atque totam illo possimus. Est quod et eius omnis in repellendus id veritatis. Sed repellendus at minima autem.',1,'2018-01-26 10:40:52','2018-01-26 10:40:52'),
(209,33,'Stuart Terry','Et et sint blanditiis est dolor eius et est. Ut praesentium ad sint ipsum aut qui. Vero aspernatur unde est eveniet odio libero. Iusto commodi odit qui eum maxime. Id modi quia possimus possimus alias cupiditate.',0,'2018-01-26 10:40:52','2018-01-26 10:40:52'),
(210,36,'Britney Gutmann','Molestiae quo cumque provident eum ad molestiae voluptates. Omnis at dignissimos repellendus voluptatem placeat officia voluptates cum. Et distinctio sunt aliquid praesentium cum id. Excepturi voluptates ex quibusdam repellendus voluptate aut est voluptatem.',3,'2018-01-26 10:40:52','2018-01-26 10:40:52'),
(211,45,'Enrique Wyman','Minima fuga pariatur perferendis iusto ut porro ex voluptate. Quia vel animi est quia et. Voluptas totam omnis velit.',0,'2018-01-26 10:40:52','2018-01-26 10:40:52'),
(212,4,'Dr. Kiel O\'Connell','Ratione fugiat dicta reiciendis reprehenderit. Consectetur voluptatibus et reprehenderit repudiandae corrupti. Eaque praesentium aut eos vitae libero quas eligendi. Ut excepturi consequuntur sunt qui magnam accusantium numquam.',2,'2018-01-26 10:40:52','2018-01-26 10:40:52'),
(213,18,'Ms. Marcella Ankunding','Autem natus est facere nam est. Et explicabo vero nam nemo. Ullam et est eum suscipit officia aut omnis.',0,'2018-01-26 10:40:53','2018-01-26 10:40:53'),
(214,10,'Nigel Veum','Expedita non eum ex sed et suscipit adipisci. Ut esse ea exercitationem ut nobis sed dolorem incidunt. Ut autem ut enim cupiditate dolores vitae. Eaque reiciendis qui nulla atque accusamus est harum.',5,'2018-01-26 10:40:53','2018-01-26 10:40:53'),
(215,17,'Monserrate Stark','Id veniam et labore dolor magnam dolor odit et. Laborum harum ut dolore quae. Iste sint dolorum architecto autem eligendi.',1,'2018-01-26 10:40:53','2018-01-26 10:40:53'),
(216,27,'Kenna O\'Connell','Quo commodi et expedita facilis inventore. Fugiat tempora voluptatem eum autem sunt. Dolorem eveniet illum laudantium. Non maiores eius ut.',2,'2018-01-26 10:40:53','2018-01-26 10:40:53'),
(217,26,'Mrs. Alisa Lockman','Rerum pariatur vel alias provident assumenda praesentium repudiandae. Incidunt aliquam eos et rerum. Voluptas et laudantium ut aut commodi non. Dolor delectus ad earum illum. A pariatur et tempora veritatis velit ut quibusdam sint.',2,'2018-01-26 10:40:53','2018-01-26 10:40:53'),
(218,21,'Dr. Rodrick Johnson V','Id voluptas soluta quas expedita. Numquam autem vel nostrum consequuntur itaque aut aut. Dolorum inventore ipsam laboriosam velit eligendi maxime est. Sunt reiciendis eum et et dolorum.',4,'2018-01-26 10:40:53','2018-01-26 10:40:53'),
(219,4,'Kevin Wisoky I','Ipsa a ut laborum ad. In dolor consequatur perspiciatis dolore voluptatum magni. Rerum voluptates placeat fuga perferendis labore explicabo dolor.',4,'2018-01-26 10:40:53','2018-01-26 10:40:53'),
(220,26,'Miss Geraldine Fadel','Omnis distinctio dolores itaque in autem illo. Culpa illum eveniet ullam quia quia quo.',0,'2018-01-26 10:40:53','2018-01-26 10:40:53'),
(221,28,'Ms. Adella Boehm','Autem optio hic soluta. Sint corporis non aliquam sequi iure. Ipsum reiciendis ipsum molestiae quidem rerum. Quaerat architecto enim fuga quae expedita excepturi.',1,'2018-01-26 10:40:53','2018-01-26 10:40:53'),
(222,39,'Prof. Chance Block III','Sint maxime ipsam tempore laborum rem dolor quia similique. Veritatis quia quo nobis dolores eum. Vitae illo vitae omnis autem inventore id vero ipsam.',5,'2018-01-26 10:40:53','2018-01-26 10:40:53'),
(223,12,'Dr. Bernadine Wunsch Sr.','Perspiciatis et quis voluptates officia doloribus. Ut quisquam doloribus quibusdam fugiat quia placeat. Sed facere repellendus cumque et temporibus. Fuga et dolore atque optio laudantium. Error tempore necessitatibus animi ipsa.',2,'2018-01-26 10:40:53','2018-01-26 10:40:53'),
(224,40,'Prof. Kylie Schowalter','Laboriosam aut est sed distinctio repudiandae necessitatibus. Dolor et animi soluta. Dolorem sit est voluptate occaecati quam at. Et et sint sequi sunt qui natus praesentium.',4,'2018-01-26 10:40:53','2018-01-26 10:40:53'),
(225,22,'Marlin Champlin','Fugit neque animi tempore eos. Quasi laborum totam delectus iusto maxime deserunt. Ut quis tempora delectus ut. Quis dolorum velit et ut ut.',3,'2018-01-26 10:40:53','2018-01-26 10:40:53'),
(226,45,'Prof. Concepcion Beatty','Aliquid dolor ex nihil accusantium et recusandae. Cumque sed officia quas voluptas non et repudiandae et. Quaerat aut quidem harum odio maxime occaecati accusantium accusamus. Magni voluptatem excepturi voluptatem dolorem libero beatae unde.',4,'2018-01-26 10:40:53','2018-01-26 10:40:53'),
(227,47,'Nash Morar','A ab omnis possimus est. Impedit perspiciatis sunt maxime voluptatum aut eos. Veritatis cumque et molestias est voluptates dolorem consequuntur. Ratione aut maxime alias totam.',5,'2018-01-26 10:40:53','2018-01-26 10:40:53'),
(228,23,'Pierce Swaniawski','Incidunt nulla ullam repellendus fugiat. Sint dolorum blanditiis dicta voluptates laboriosam. Amet odit molestiae itaque perferendis est magnam libero.',2,'2018-01-26 10:40:53','2018-01-26 10:40:53'),
(229,6,'Prof. Jean Greenfelder III','Nihil enim dicta consequuntur est sit dignissimos. Aut sequi laborum consequatur est. Fuga quia vel quas amet. Iusto sed asperiores exercitationem.',1,'2018-01-26 10:40:53','2018-01-26 10:40:53'),
(230,28,'Katrina McGlynn','Aut aperiam placeat sed eum et. Laboriosam autem eligendi ad consectetur quis. Et sint vitae autem dolores.',4,'2018-01-26 10:40:53','2018-01-26 10:40:53'),
(231,44,'Prof. Alfonzo McKenzie IV','Rerum eum ducimus ut magnam omnis et eum. Repellat voluptas voluptatem perferendis nostrum aut quos. Vero porro at explicabo quasi consequatur tempora voluptatum. Dicta aut asperiores eaque corporis voluptatem. Consectetur natus sed dolor non et.',0,'2018-01-26 10:40:53','2018-01-26 10:40:53'),
(232,14,'Dr. Forest Runte','Ipsam ut sit voluptates debitis porro. Vero in earum eaque aut eligendi. Harum non praesentium eum nihil voluptatum adipisci nihil. Maxime hic et velit illum.',4,'2018-01-26 10:40:53','2018-01-26 10:40:53'),
(233,47,'Greg Feil','Veniam rem accusantium expedita incidunt inventore enim. Dolorem unde laboriosam distinctio aut eius qui quibusdam. Aliquid tempora alias facilis placeat eos deserunt consequatur officiis. Debitis sunt dolorem qui.',2,'2018-01-26 10:40:53','2018-01-26 10:40:53'),
(234,12,'Rosario Quitzon','Quasi aut adipisci officiis pariatur. Et in incidunt qui hic explicabo repellendus quia rerum. Eum exercitationem laborum repudiandae ut dolorem.',3,'2018-01-26 10:40:53','2018-01-26 10:40:53'),
(235,43,'Treva Bartoletti','Tempora et optio quisquam saepe qui. Eum aliquam labore qui velit. Officiis qui non qui natus. Cum et expedita modi non est ipsam.',5,'2018-01-26 10:40:53','2018-01-26 10:40:53'),
(236,24,'Prof. Kaia Schultz','Sed nulla nemo ut sed inventore. Rerum adipisci voluptatem dolores consectetur molestiae provident ipsa. Expedita esse aliquam non veritatis autem.',3,'2018-01-26 10:40:53','2018-01-26 10:40:53'),
(237,43,'Misty Doyle DDS','Totam et et nam facere. Qui dolor voluptatum dolore temporibus sint. Assumenda voluptate sapiente eius autem ut. Sit tenetur itaque eaque nesciunt praesentium. Dolorem eum quaerat quibusdam sequi illo quia modi.',0,'2018-01-26 10:40:54','2018-01-26 10:40:54'),
(238,8,'Luis Grady I','Architecto pariatur impedit deserunt in omnis eos vitae. Repudiandae ut occaecati recusandae earum maiores sunt omnis voluptas. Eligendi at at possimus eum error et ratione. Libero quos voluptas quas.',4,'2018-01-26 10:40:54','2018-01-26 10:40:54'),
(239,45,'Leda Erdman','Architecto officia aut corporis aperiam odio sunt rerum. Ipsum eaque perferendis voluptatibus ea animi. Voluptatem repellendus porro ex maiores corporis. Facere mollitia illum ipsum voluptas necessitatibus est.',4,'2018-01-26 10:40:54','2018-01-26 10:40:54'),
(240,36,'Caleb Murray DVM','Voluptatem omnis accusantium repudiandae qui eaque deleniti qui dicta. Culpa dolore nisi nihil aut. Labore odio qui et et dolor et quidem.',1,'2018-01-26 10:40:54','2018-01-26 10:40:54'),
(241,43,'Dr. Emilio Heidenreich Sr.','Commodi voluptatem et ut voluptas nam ipsum optio. Omnis tempore enim exercitationem saepe molestiae esse. Eligendi mollitia blanditiis omnis iusto qui molestias.',3,'2018-01-26 10:40:54','2018-01-26 10:40:54'),
(242,40,'Loraine Effertz','Quam et reprehenderit voluptatem tenetur et laborum. Deserunt nisi quo molestiae beatae ratione. Blanditiis natus voluptate iure qui ea et adipisci quis. Nisi maiores voluptas autem occaecati quia architecto.',0,'2018-01-26 10:40:54','2018-01-26 10:40:54'),
(243,29,'Brock Jacobs II','Optio velit expedita totam debitis dolorem. Ratione possimus et sit iure. Magni eos in voluptas in.',1,'2018-01-26 10:40:54','2018-01-26 10:40:54'),
(244,42,'Ms. Queen Gorczany PhD','Autem in fugiat qui dolorem atque. Voluptatibus commodi quasi in ipsa. Et cum minima ullam quisquam suscipit fugiat eaque. Quod autem dolorem dignissimos et dolor eum nobis.',2,'2018-01-26 10:40:54','2018-01-26 10:40:54'),
(245,9,'Miller Schumm','Dicta suscipit pariatur qui quas. Qui est aut in aperiam aut sunt et. Eum est molestiae minima ullam vel dicta. Et sit quia in autem. Accusamus quis aliquid error est voluptatem officiis dolorum.',1,'2018-01-26 10:40:54','2018-01-26 10:40:54'),
(246,41,'Cade Ortiz','Occaecati maxime doloribus natus quo qui dolores magnam. Quos rem aut ut corrupti maxime. Laboriosam voluptas voluptatibus sint.',5,'2018-01-26 10:40:54','2018-01-26 10:40:54'),
(247,4,'Prof. Pearl Blanda','Commodi qui alias quasi unde nobis. Tempora nobis omnis libero voluptatum voluptatem. In occaecati voluptate odit consequatur. Nisi et inventore nobis tempora nisi odit autem.',0,'2018-01-26 10:40:54','2018-01-26 10:40:54'),
(248,46,'Ms. Roslyn Gibson IV','Nam dolores blanditiis sit eligendi occaecati porro eos. Qui distinctio vel libero non nihil ex natus. Doloremque qui est tenetur id. Totam excepturi quidem at ut.',2,'2018-01-26 10:40:54','2018-01-26 10:40:54'),
(249,32,'Dorcas Wehner','Aut adipisci autem sed omnis. Earum velit minus autem. Quod non minima voluptatem. Cumque delectus accusantium illo molestiae enim qui velit animi.',3,'2018-01-26 10:40:54','2018-01-26 10:40:54'),
(250,36,'Fritz Ziemann','Odio rerum suscipit sunt qui sint repudiandae repellendus. Recusandae aliquam maiores nisi saepe repellat. Omnis et et modi quam sunt numquam et. Tempora id excepturi corporis odit facere in.',2,'2018-01-26 10:40:54','2018-01-26 10:40:54'),
(251,16,'Modesta Goldner','Ut vero laboriosam qui iste fugit autem. Quia autem pariatur quaerat tempora. Omnis cum similique ipsum dolor ipsam tempora. Error qui aliquid at dolores.',3,'2018-01-26 10:40:54','2018-01-26 10:40:54'),
(252,29,'Eldon Kiehn','Possimus corrupti dolore expedita. Temporibus omnis sit rerum libero ab temporibus officia.',4,'2018-01-26 10:40:54','2018-01-26 10:40:54'),
(253,40,'Adelia Hermiston','Autem nesciunt et quia magnam sint aut expedita. Provident qui esse ut ut repellendus veniam magni. Tempore dignissimos mollitia ea doloribus.',3,'2018-01-26 10:40:55','2018-01-26 10:40:55'),
(254,46,'Muriel Stracke','Adipisci perspiciatis ducimus est et. Aut impedit impedit enim illum ut est esse. Ullam placeat eum error est animi. Et mollitia est omnis saepe.',4,'2018-01-26 10:40:55','2018-01-26 10:40:55'),
(255,44,'Wyatt Ullrich','Numquam laudantium autem eum iste sed adipisci. Aut vel sint voluptatem sint dolor omnis non. Reiciendis aliquam occaecati sit quaerat. Aut quo enim qui natus quisquam sapiente et qui. Perferendis asperiores fugit aut ducimus sapiente assumenda nobis quam.',4,'2018-01-26 10:40:55','2018-01-26 10:40:55'),
(256,3,'Vallie Jenkins PhD','Quia nulla voluptatem enim fugiat. Nostrum sed beatae quisquam perferendis odit ratione est. Eligendi dolores ipsam eum blanditiis nisi.',1,'2018-01-26 10:40:55','2018-01-26 10:40:55'),
(257,18,'Aurelia Feil II','Adipisci deserunt maxime fugit quas laboriosam. Illum quia et et repudiandae. Est molestiae et delectus alias consectetur fugiat ducimus. Hic a similique a inventore. Delectus beatae consequatur deserunt laboriosam.',5,'2018-01-26 10:40:55','2018-01-26 10:40:55'),
(258,32,'Delia Sipes','Aliquam non consequatur vero ut exercitationem nam. Aliquam blanditiis sequi expedita quaerat tenetur dolorem fugiat. Et minima quibusdam repellendus dolor id et sit.',1,'2018-01-26 10:40:55','2018-01-26 10:40:55'),
(259,23,'Dr. Alan McGlynn','Et nostrum voluptatibus qui libero dolorem. Ipsum debitis et quasi quia et ea molestiae hic. Quos sunt possimus placeat ut excepturi assumenda qui. A sequi recusandae quam rem consequatur et facilis.',3,'2018-01-26 10:40:55','2018-01-26 10:40:55'),
(260,41,'Lonnie Maggio PhD','Quasi qui reiciendis nostrum excepturi laudantium incidunt esse. Aliquam commodi velit quia reiciendis eveniet quam. Deleniti dolorem deleniti sequi autem impedit totam. Sint soluta deleniti et repellat id ipsa. Necessitatibus eum et sapiente possimus doloremque aut non unde.',3,'2018-01-26 10:40:55','2018-01-26 10:40:55'),
(261,43,'Cordia Ebert','Voluptas voluptas et qui saepe nihil numquam quibusdam. Aut beatae rerum voluptatem et. Ipsum repellat exercitationem dolores non voluptas voluptatem. Optio sint reprehenderit sed assumenda laborum sunt tenetur. Ut et consequuntur id et id esse.',5,'2018-01-26 10:40:55','2018-01-26 10:40:55'),
(262,39,'Carmel Schaden','Omnis ipsam id sed harum sed. Aut aperiam beatae tempora in. Voluptatem provident voluptas consequatur corrupti. Amet possimus dolorum consectetur facere.',5,'2018-01-26 10:40:55','2018-01-26 10:40:55'),
(263,37,'Name Sipes','Distinctio et qui quas placeat. Vel beatae velit et totam omnis.',5,'2018-01-26 10:40:55','2018-01-26 10:40:55'),
(264,41,'Ms. Litzy Zulauf','Ab pariatur amet repellat dicta sunt. Atque voluptatibus consequuntur ratione veniam et omnis perferendis. Voluptatem quas impedit est excepturi totam quae. Necessitatibus nesciunt quibusdam maxime itaque qui culpa.',3,'2018-01-26 10:40:55','2018-01-26 10:40:55'),
(265,41,'Rosie Schoen','Ex tempore aliquam adipisci. Id non vel qui dolores. Sed quos aperiam et voluptatem.',2,'2018-01-26 10:40:55','2018-01-26 10:40:55'),
(266,35,'Stanford McCullough','Cupiditate voluptas soluta et ut eligendi voluptatem minus. Praesentium suscipit aut doloribus ut eveniet est sit. Distinctio ex natus delectus veritatis mollitia. Nihil accusamus enim voluptas voluptas.',4,'2018-01-26 10:40:55','2018-01-26 10:40:55'),
(267,24,'Ebony Luettgen','Voluptatem velit possimus qui assumenda aut. Esse enim minima sed commodi dolore. Deserunt est aliquid iusto possimus assumenda pariatur sed. Provident quis a assumenda reiciendis corrupti odit id.',4,'2018-01-26 10:40:55','2018-01-26 10:40:55'),
(268,45,'Prof. Chaz Erdman MD','Rerum aut voluptatem eum facilis eligendi molestias. Iure facilis id dolor. Magni saepe quo quis amet sit consectetur. Vitae mollitia ut possimus.',5,'2018-01-26 10:40:55','2018-01-26 10:40:55'),
(269,29,'Mariela Schultz','Velit enim omnis sint itaque labore ipsum maxime. Perspiciatis qui perferendis dignissimos excepturi. Dolorem architecto quos asperiores soluta quis. Reiciendis dolor doloremque molestias ab et.',1,'2018-01-26 10:40:55','2018-01-26 10:40:55'),
(270,30,'Dr. Dalton Hartmann II','Praesentium fugiat sequi temporibus quasi non deleniti. Eveniet et qui at est occaecati optio. Dolorum sunt et sed saepe sunt delectus ipsum. Autem facilis et qui voluptatem.',5,'2018-01-26 10:40:55','2018-01-26 10:40:55'),
(271,34,'Mr. Lesley Monahan','Perferendis quisquam commodi maxime debitis. Corporis quis eius nulla nihil laudantium dignissimos. Recusandae voluptas nam animi qui mollitia inventore qui.',5,'2018-01-26 10:40:55','2018-01-26 10:40:55'),
(272,6,'Itzel Mills','Nihil officiis suscipit voluptatibus aut aspernatur ut modi placeat. Omnis voluptatem nesciunt inventore cupiditate explicabo quidem iste. Dolores ut ipsam ea rerum non nulla. Vitae id placeat est a nam.',1,'2018-01-26 10:40:56','2018-01-26 10:40:56'),
(273,5,'Merl Stoltenberg I','Nihil natus nihil culpa nulla aut. Molestiae dolor adipisci odit in labore voluptatibus. Et velit nisi et dolore odio voluptatem consequatur.',2,'2018-01-26 10:40:56','2018-01-26 10:40:56'),
(274,11,'Humberto Block','Velit illo aut quasi. Vel tempore dolorem sint voluptatum omnis ut. Quasi et beatae aut.',5,'2018-01-26 10:40:56','2018-01-26 10:40:56'),
(275,39,'Prof. Napoleon Wisozk','Consectetur facilis sit qui sunt. Et id quia quibusdam nesciunt sunt quibusdam. Atque impedit culpa sint aliquam atque delectus consequuntur. Voluptatem et voluptas ut et eveniet nobis voluptatibus.',4,'2018-01-26 10:40:56','2018-01-26 10:40:56'),
(276,15,'Mr. Vincent McClure DDS','A laboriosam pariatur non tempora consequuntur nostrum ut excepturi. Facere quas aut architecto quis et ullam. Et non eius possimus magni vero. Accusantium quasi nihil blanditiis tempora saepe.',5,'2018-01-26 10:40:56','2018-01-26 10:40:56'),
(277,25,'Dr. Eddie Russel','Rem pariatur repudiandae vel quos repellendus. Ea dolores dolore ea nihil earum ipsa aut. Est qui magni debitis modi non.',2,'2018-01-26 10:40:56','2018-01-26 10:40:56'),
(278,4,'Amya Torphy','Non placeat eos sit quia architecto autem. Molestiae hic qui accusantium ea voluptas magnam dolorem dicta. Consequuntur eius vel est eligendi aspernatur. Et voluptates ducimus accusamus accusamus minus enim doloribus aliquam.',1,'2018-01-26 10:40:56','2018-01-26 10:40:56'),
(279,34,'Hallie Conroy Sr.','Vero quos quasi est. Fugit vel cumque nisi. Cumque repellat similique et nesciunt fugiat amet. Incidunt qui deleniti voluptatum sed similique amet aut voluptas.',2,'2018-01-26 10:40:56','2018-01-26 10:40:56'),
(280,29,'Pink Willms','Quia fugiat eos alias asperiores officia ratione rem. Vel sunt et non laboriosam sunt doloremque explicabo veritatis. Dolores amet omnis quidem. Vel aut consequuntur atque ipsam.',4,'2018-01-26 10:40:56','2018-01-26 10:40:56'),
(281,39,'Aaliyah Kassulke','Unde et quo sed natus alias occaecati. Officia est sunt dicta. Impedit voluptatem quaerat ipsam consequatur corporis.',1,'2018-01-26 10:40:56','2018-01-26 10:40:56'),
(282,21,'Caterina Koelpin DDS','A delectus dolorem error ratione voluptas eius qui et. Fuga nulla ad tempore autem modi consequatur.',5,'2018-01-26 10:40:56','2018-01-26 10:40:56'),
(283,47,'Lia Bergnaum','Molestiae officiis est mollitia doloribus sequi. Recusandae soluta porro culpa quis et sit ipsum. Natus in totam aut et. Ipsa et voluptatem quod repellendus.',3,'2018-01-26 10:40:56','2018-01-26 10:40:56'),
(284,4,'Tina Zieme','Est fugiat et sed sit delectus. Ratione itaque temporibus doloremque. Odio sit ut sit. Quasi vitae omnis sapiente voluptatem.',3,'2018-01-26 10:40:56','2018-01-26 10:40:56'),
(285,5,'Elvie Bauch','Ullam odit repudiandae dolorem expedita nesciunt architecto. Culpa illo occaecati voluptatem iusto velit mollitia. Rerum eum et excepturi quia nisi.',2,'2018-01-26 10:40:56','2018-01-26 10:40:56'),
(286,5,'Cyril Kreiger V','Optio sint eligendi doloribus temporibus velit et. Pariatur ducimus consectetur qui. Iusto eius hic ut fugit.',0,'2018-01-26 10:40:56','2018-01-26 10:40:56'),
(287,42,'Delilah Labadie I','Officia autem temporibus deserunt pariatur cum. Commodi voluptatem enim ut excepturi dolorem. Ut sint atque et explicabo eaque libero. Et voluptates deserunt suscipit.',0,'2018-01-26 10:40:56','2018-01-26 10:40:56'),
(288,45,'Alysson Kshlerin','Odit et aspernatur et repellat. Sint quas et est aut et. Rem esse et perferendis modi est deleniti. Fuga ea necessitatibus sunt.',5,'2018-01-26 10:40:56','2018-01-26 10:40:56'),
(289,40,'Earline Toy','Illum et quibusdam sit aliquam itaque et consectetur. Dolore incidunt dignissimos veritatis minima rerum voluptatum nihil. Beatae assumenda neque mollitia ducimus.',1,'2018-01-26 10:40:56','2018-01-26 10:40:56'),
(290,50,'Aida Hayes IV','Nisi veritatis aut quia voluptates ut. Ratione odit nihil alias et rerum quis labore quae. Eaque maiores rem possimus libero ut blanditiis aperiam rerum.',4,'2018-01-26 10:40:56','2018-01-26 10:40:56'),
(291,25,'Ezequiel Mertz MD','Sit debitis ab cupiditate odio et sed cumque eum. Odit qui eius velit repudiandae dignissimos. Consequatur voluptate non labore quam tenetur. Distinctio quae distinctio impedit ex adipisci.',4,'2018-01-26 10:40:56','2018-01-26 10:40:56'),
(292,39,'Raymond Hegmann','Illo molestiae reiciendis nihil explicabo porro officiis. Qui laboriosam dolorum cumque at alias quis. Et deleniti qui deserunt minima natus laudantium sit. Minima quasi sed quibusdam ut recusandae hic.',5,'2018-01-26 10:40:56','2018-01-26 10:40:56'),
(293,28,'Arvilla Swaniawski','Aliquam non vitae dolorem vel voluptatibus rerum recusandae. Aperiam deleniti cumque dolor quo. Vero qui quos voluptas reprehenderit ex velit iste sed. Voluptatem porro voluptates repellendus eveniet.',4,'2018-01-26 10:40:56','2018-01-26 10:40:56'),
(294,4,'Ms. Dorothea Raynor','Est vel inventore similique dolores. Est ipsam voluptates dolores ex sed quia esse. Autem voluptatibus reiciendis voluptas cumque ea.',4,'2018-01-26 10:40:56','2018-01-26 10:40:56'),
(295,16,'Mr. Gregg Ebert PhD','Cupiditate et ad magni pariatur aut. Nam quisquam molestias unde iste blanditiis velit fugiat. Vel officiis temporibus ipsa. Facilis eligendi placeat cum earum odit officia veritatis. Incidunt autem eaque amet tenetur rem vero autem.',0,'2018-01-26 10:40:56','2018-01-26 10:40:56'),
(296,18,'Bernice Kohler','Cumque distinctio vel minus inventore doloremque. Dolore veniam rerum debitis quas doloribus. Voluptate consequatur quas consequatur ratione praesentium.',4,'2018-01-26 10:40:57','2018-01-26 10:40:57'),
(297,3,'Elmo Pagac','Autem sequi et quam sint dolor tempora unde. Iste voluptas necessitatibus voluptates doloremque assumenda sit omnis. Laboriosam aperiam quibusdam impedit consequatur pariatur quidem.',5,'2018-01-26 10:40:57','2018-01-26 10:40:57'),
(298,4,'Ellie Vandervort','Sit a quis repellat aut et. Nostrum cupiditate ut optio soluta. Aut ut quia veritatis distinctio blanditiis consequatur. Et velit non possimus culpa et possimus et blanditiis.',2,'2018-01-26 10:40:57','2018-01-26 10:40:57'),
(299,32,'Mr. Ayden Cormier','Fugiat nesciunt molestiae praesentium aut. Incidunt illum eos et sit consequatur sunt sed dolor. Et expedita sunt eos atque quia.',5,'2018-01-26 10:40:57','2018-01-26 10:40:57'),
(300,40,'Tyrell Yost','Sunt eaque possimus nisi. Et ea at quibusdam provident. Animi qui id doloribus qui aut ipsum. Voluptatibus voluptate velit eum recusandae optio exercitationem eveniet.',1,'2018-01-26 10:40:57','2018-01-26 10:40:57');

/*Table structure for table `users` */

DROP TABLE IF EXISTS `users`;

CREATE TABLE `users` (
  `id` int(10) unsigned NOT NULL AUTO_INCREMENT,
  `name` varchar(255) COLLATE utf8mb4_unicode_ci NOT NULL,
  `email` varchar(255) COLLATE utf8mb4_unicode_ci NOT NULL,
  `password` varchar(255) COLLATE utf8mb4_unicode_ci NOT NULL,
  `remember_token` varchar(100) COLLATE utf8mb4_unicode_ci DEFAULT NULL,
  `created_at` timestamp NULL DEFAULT NULL,
  `updated_at` timestamp NULL DEFAULT NULL,
  PRIMARY KEY (`id`),
  UNIQUE KEY `users_email_unique` (`email`)
) ENGINE=InnoDB AUTO_INCREMENT=6 DEFAULT CHARSET=utf8mb4 COLLATE=utf8mb4_unicode_ci;

/*Data for the table `users` */

insert  into `users`(`id`,`name`,`email`,`password`,`remember_token`,`created_at`,`updated_at`) values 
(1,'Cheyanne Langosh II','abigayle78@example.com','$2y$10$TKh8H1.PfQx37YgCzwiKb.KjNyWgaHb9cbcoQgdIVFlYg7B77UdFm','BVH95niVl5','2018-01-26 10:40:41','2018-01-26 10:40:41'),
(2,'Taryn Bergstrom PhD','gleichner.sallie@example.com','$2y$10$TKh8H1.PfQx37YgCzwiKb.KjNyWgaHb9cbcoQgdIVFlYg7B77UdFm','FJV1OstQ5t','2018-01-26 10:40:41','2018-01-26 10:40:41'),
(3,'Rey Sporer','flatley.domingo@example.org','$2y$10$TKh8H1.PfQx37YgCzwiKb.KjNyWgaHb9cbcoQgdIVFlYg7B77UdFm','5yd71eQ37X','2018-01-26 10:40:41','2018-01-26 10:40:41'),
(4,'Dameon Quigley','ulices.steuber@example.org','$2y$10$TKh8H1.PfQx37YgCzwiKb.KjNyWgaHb9cbcoQgdIVFlYg7B77UdFm','FQ6iTO5DdM','2018-01-26 10:40:41','2018-01-26 10:40:41'),
(5,'Maria Ullrich','schaden.rowland@example.com','$2y$10$TKh8H1.PfQx37YgCzwiKb.KjNyWgaHb9cbcoQgdIVFlYg7B77UdFm','r15hQ1Vy9A','2018-01-26 10:40:41','2018-01-26 10:40:41');

/*!40101 SET SQL_MODE=@OLD_SQL_MODE */;
/*!40014 SET FOREIGN_KEY_CHECKS=@OLD_FOREIGN_KEY_CHECKS */;
/*!40014 SET UNIQUE_CHECKS=@OLD_UNIQUE_CHECKS */;
/*!40111 SET SQL_NOTES=@OLD_SQL_NOTES */;
